[{"model": "admin.logentry", "pk": 1, "fields": {"action_time": "2021-07-19T15:24:07.145Z", "user": 1, "content_type": 6, "object_id": "1", "object_repr": "Shirts", "action_flag": 1, "change_message": "[{\"added\": {}}]"}}, {"model": "admin.logentry", "pk": 2, "fields": {"action_time": "2021-07-19T16:42:38.494Z", "user": 1, "content_type": 6, "object_id": "2", "object_repr": "jeans", "action_flag": 1, "change_message": "[{\"added\": {}}]"}}, {"model": "admin.logentry", "pk": 3, "fields": {"action_time": "2021-07-19T16:43:00.420Z", "user": 1, "content_type": 6, "object_id": "3", "object_repr": "Jacket", "action_flag": 1, "change_message": "[{\"added\": {}}]"}}, {"model": "admin.logentry", "pk": 4, "fields": {"action_time": "2021-07-19T16:43:21.483Z", "user": 1, "content_type": 6, "object_id": "4", "object_repr": "shoes", "action_flag": 1, "change_message": "[{\"added\": {}}]"}}, {"model": "admin.logentry", "pk": 5, "fields": {"action_time": "2021-07-19T16:43:45.606Z", "user": 1, "content_type": 6, "object_id": "5", "object_repr": "t-shirts", "action_flag": 1, "change_message": "[{\"added\": {}}]"}}, {"model": "admin.logentry", "pk": 6, "fields": {"action_time": "2021-07-22T08:59:18.096Z", "user": 1, "content_type": 8, "object_id": "1", "object_repr": "ATX Jeans", "action_flag": 1, "change_message": "[{\"added\": {}}]"}}, {"model": "admin.logentry", "pk": 7, "fields": {"action_time": "2021-07-22T08:59:45.230Z", "user": 1, "content_type": 8, "object_id": "2", "object_repr": "Blue Shirt", "action_flag": 1, "change_message": "[{\"added\": {}}]"}}, {"model": "admin.logentry", "pk": 8, "fields": {"action_time": "2021-07-22T09:00:38.194Z", "user": 1, "content_type": 8, "object_id": "3", "object_repr": "Great T-shirt", "action_flag": 1, "change_message": "[{\"added\": {}}]"}}, {"model": "admin.logentry", "pk": 9, "fields": {"action_time": "2021-07-22T09:01:24.351Z", "user": 1, "content_type": 8, "object_id": "4", "object_repr": "Tight jeans", "action_flag": 1, "change_message": "[{\"added\": {}}]"}}, {"model": "admin.logentry", "pk": 10, "fields": {"action_time": "2021-07-22T09:02:18.281Z", "user": 1, "content_type": 8, "object_id": "5", "object_repr": "Right fit", "action_flag": 1, "change_message": "[{\"added\": {}}]"}}, {"model": "admin.logentry", "pk": 11, "fields": {"action_time": "2021-07-22T09:02:49.007Z", "user": 1, "content_type": 8, "object_id": "6", "object_repr": "Basketball shoes", "action_flag": 1, "change_message": "[{\"added\": {}}]"}}, {"model": "admin.logentry", "pk": 12, "fields": {"action_time": "2021-07-22T09:03:20.515Z", "user": 1, "content_type": 8, "object_id": "7", "object_repr": "Jacket Polo", "action_flag": 1, "change_message": "[{\"added\": {}}]"}}, {"model": "admin.logentry", "pk": 13, "fields": {"action_time": "2021-07-22T09:04:03.382Z", "user": 1, "content_type": 8, "object_id": "8", "object_repr": "Puma Ferrari Shoes", "action_flag": 1, "change_message": "[{\"added\": {}}]"}}, {"model": "admin.logentry", "pk": 14, "fields": {"action_time": "2021-07-22T16:34:15.945Z", "user": 1, "content_type": 8, "object_id": "7", "object_repr": "Jacket Polo", "action_flag": 2, "change_message": "[{\"changed\": {\"fields\": [\"Stock\"]}}]"}}, {"model": "admin.logentry", "pk": 15, "fields": {"action_time": "2021-07-30T09:27:16.868Z", "user": 1, "content_type": 11, "object_id": "1", "object_repr": "Variation object (1)", "action_flag": 1, "change_message": "[{\"added\": {}}]"}}, {"model": "admin.logentry", "pk": 16, "fields": {"action_time": "2021-07-30T09:27:43.446Z", "user": 1, "content_type": 11, "object_id": "2", "object_repr": "Variation object (2)", "action_flag": 1, "change_message": "[{\"added\": {}}]"}}, {"model": "admin.logentry", "pk": 17, "fields": {"action_time": "2021-07-30T11:02:33.675Z", "user": 1, "content_type": 11, "object_id": "3", "object_repr": "Variation object (3)", "action_flag": 1, "change_message": "[{\"added\": {}}]"}}, {"model": "admin.logentry", "pk": 18, "fields": {"action_time": "2021-07-30T11:02:42.975Z", "user": 1, "content_type": 11, "object_id": "4", "object_repr": "Variation object (4)", "action_flag": 1, "change_message": "[{\"added\": {}}]"}}, {"model": "admin.logentry", "pk": 19, "fields": {"action_time": "2021-07-30T11:02:51.930Z", "user": 1, "content_type": 11, "object_id": "5", "object_repr": "Variation object (5)", "action_flag": 1, "change_message": "[{\"added\": {}}]"}}, {"model": "admin.logentry", "pk": 20, "fields": {"action_time": "2021-07-30T11:02:59.506Z", "user": 1, "content_type": 11, "object_id": "6", "object_repr": "Variation object (6)", "action_flag": 1, "change_message": "[{\"added\": {}}]"}}, {"model": "admin.logentry", "pk": 21, "fields": {"action_time": "2021-07-30T11:03:08.988Z", "user": 1, "content_type": 11, "object_id": "7", "object_repr": "Variation object (7)", "action_flag": 1, "change_message": "[{\"added\": {}}]"}}, {"model": "admin.logentry", "pk": 22, "fields": {"action_time": "2021-07-30T14:24:02.897Z", "user": 1, "content_type": 9, "object_id": "16", "object_repr": "CartItem object (16)", "action_flag": 3, "change_message": ""}}, {"model": "admin.logentry", "pk": 23, "fields": {"action_time": "2021-07-30T14:24:02.902Z", "user": 1, "content_type": 9, "object_id": "9", "object_repr": "CartItem object (9)", "action_flag": 3, "change_message": ""}}, {"model": "admin.logentry", "pk": 24, "fields": {"action_time": "2021-07-30T14:24:02.954Z", "user": 1, "content_type": 9, "object_id": "6", "object_repr": "CartItem object (6)", "action_flag": 3, "change_message": ""}}, {"model": "admin.logentry", "pk": 25, "fields": {"action_time": "2021-07-30T16:11:51.890Z", "user": 1, "content_type": 11, "object_id": "8", "object_repr": "Cream", "action_flag": 1, "change_message": "[{\"added\": {}}]"}}, {"model": "admin.logentry", "pk": 26, "fields": {"action_time": "2021-07-30T16:12:00.324Z", "user": 1, "content_type": 11, "object_id": "9", "object_repr": "XXL", "action_flag": 1, "change_message": "[{\"added\": {}}]"}}, {"model": "admin.logentry", "pk": 27, "fields": {"action_time": "2021-07-30T16:12:08.306Z", "user": 1, "content_type": 11, "object_id": "10", "object_repr": "Short", "action_flag": 1, "change_message": "[{\"added\": {}}]"}}, {"model": "admin.logentry", "pk": 28, "fields": {"action_time": "2021-07-30T16:57:23.068Z", "user": 1, "content_type": 9, "object_id": "19", "object_repr": "CartItem object (19)", "action_flag": 3, "change_message": ""}}, {"model": "admin.logentry", "pk": 29, "fields": {"action_time": "2021-07-31T08:15:11.686Z", "user": 1, "content_type": 9, "object_id": "30", "object_repr": "CartItem object (30)", "action_flag": 1, "change_message": "[{\"added\": {}}]"}}, {"model": "admin.logentry", "pk": 30, "fields": {"action_time": "2021-08-02T13:44:50.449Z", "user": 1, "content_type": 11, "object_id": "11", "object_repr": "Blue", "action_flag": 1, "change_message": "[{\"added\": {}}]"}}, {"model": "admin.logentry", "pk": 31, "fields": {"action_time": "2021-08-02T13:45:00.581Z", "user": 1, "content_type": 11, "object_id": "12", "object_repr": "Cream", "action_flag": 1, "change_message": "[{\"added\": {}}]"}}, {"model": "admin.logentry", "pk": 32, "fields": {"action_time": "2021-08-02T13:45:17.611Z", "user": 1, "content_type": 11, "object_id": "13", "object_repr": "Black", "action_flag": 1, "change_message": "[{\"added\": {}}]"}}, {"model": "admin.logentry", "pk": 33, "fields": {"action_time": "2021-08-02T13:45:25.206Z", "user": 1, "content_type": 11, "object_id": "14", "object_repr": "Small", "action_flag": 1, "change_message": "[{\"added\": {}}]"}}, {"model": "admin.logentry", "pk": 34, "fields": {"action_time": "2021-08-02T13:45:32.668Z", "user": 1, "content_type": 11, "object_id": "15", "object_repr": "Medium", "action_flag": 1, "change_message": "[{\"added\": {}}]"}}, {"model": "admin.logentry", "pk": 35, "fields": {"action_time": "2021-08-02T13:45:41.421Z", "user": 1, "content_type": 11, "object_id": "16", "object_repr": "Large", "action_flag": 1, "change_message": "[{\"added\": {}}]"}}, {"model": "admin.logentry", "pk": 36, "fields": {"action_time": "2021-08-02T13:45:48.524Z", "user": 1, "content_type": 11, "object_id": "17", "object_repr": "XXL", "action_flag": 1, "change_message": "[{\"added\": {}}]"}}, {"model": "admin.logentry", "pk": 37, "fields": {"action_time": "2021-08-04T11:50:08.017Z", "user": 1, "content_type": 7, "object_id": "25", "object_repr": "yes@gmail.com", "action_flag": 2, "change_message": "[{\"changed\": {\"fields\": [\"Is active\"]}}]"}}, {"model": "admin.logentry", "pk": 38, "fields": {"action_time": "2021-08-05T07:59:42.153Z", "user": 1, "content_type": 7, "object_id": "25", "object_repr": "yes@gmail.com", "action_flag": 3, "change_message": ""}}, {"model": "admin.logentry", "pk": 39, "fields": {"action_time": "2021-08-05T07:59:42.153Z", "user": 1, "content_type": 7, "object_id": "24", "object_repr": "hu@gmail.com", "action_flag": 3, "change_message": ""}}, {"model": "admin.logentry", "pk": 40, "fields": {"action_time": "2021-08-05T07:59:42.158Z", "user": 1, "content_type": 7, "object_id": "23", "object_repr": "kuhikarpiyush@gmail.com", "action_flag": 3, "change_message": ""}}, {"model": "admin.logentry", "pk": 41, "fields": {"action_time": "2021-08-05T07:59:42.186Z", "user": 1, "content_type": 7, "object_id": "22", "object_repr": "asd1@gmail.com", "action_flag": 3, "change_message": ""}}, {"model": "admin.logentry", "pk": 42, "fields": {"action_time": "2021-08-05T07:59:42.210Z", "user": 1, "content_type": 7, "object_id": "21", "object_repr": "zxc@gmail.com", "action_flag": 3, "change_message": ""}}, {"model": "admin.logentry", "pk": 43, "fields": {"action_time": "2021-08-05T07:59:42.234Z", "user": 1, "content_type": 7, "object_id": "20", "object_repr": "bru@gmail.com", "action_flag": 3, "change_message": ""}}, {"model": "admin.logentry", "pk": 44, "fields": {"action_time": "2021-08-05T07:59:42.254Z", "user": 1, "content_type": 7, "object_id": "19", "object_repr": "zaq@gmail.com", "action_flag": 3, "change_message": ""}}, {"model": "admin.logentry", "pk": 45, "fields": {"action_time": "2021-08-05T07:59:42.278Z", "user": 1, "content_type": 7, "object_id": "18", "object_repr": "milind@gmail.com", "action_flag": 3, "change_message": ""}}, {"model": "admin.logentry", "pk": 46, "fields": {"action_time": "2021-08-05T07:59:42.302Z", "user": 1, "content_type": 7, "object_id": "17", "object_repr": "nm@gmail.com", "action_flag": 3, "change_message": ""}}, {"model": "admin.logentry", "pk": 47, "fields": {"action_time": "2021-08-05T07:59:42.306Z", "user": 1, "content_type": 7, "object_id": "16", "object_repr": "nhu@gmail.com", "action_flag": 3, "change_message": ""}}, {"model": "admin.logentry", "pk": 48, "fields": {"action_time": "2021-08-05T07:59:42.330Z", "user": 1, "content_type": 7, "object_id": "15", "object_repr": "az@co.com", "action_flag": 3, "change_message": ""}}, {"model": "admin.logentry", "pk": 49, "fields": {"action_time": "2021-08-05T07:59:42.354Z", "user": 1, "content_type": 7, "object_id": "13", "object_repr": "xcv@gmail.com", "action_flag": 3, "change_message": ""}}, {"model": "admin.logentry", "pk": 50, "fields": {"action_time": "2021-08-05T07:59:42.374Z", "user": 1, "content_type": 7, "object_id": "12", "object_repr": "poi@gmail.com", "action_flag": 3, "change_message": ""}}, {"model": "admin.logentry", "pk": 51, "fields": {"action_time": "2021-08-05T07:59:42.394Z", "user": 1, "content_type": 7, "object_id": "11", "object_repr": "qpo@gmail.com", "action_flag": 3, "change_message": ""}}, {"model": "admin.logentry", "pk": 52, "fields": {"action_time": "2021-08-05T07:59:42.418Z", "user": 1, "content_type": 7, "object_id": "10", "object_repr": "qasw@gmail.com", "action_flag": 3, "change_message": ""}}, {"model": "admin.logentry", "pk": 53, "fields": {"action_time": "2021-08-05T07:59:42.442Z", "user": 1, "content_type": 7, "object_id": "9", "object_repr": "qw1@gmail.com", "action_flag": 3, "change_message": ""}}, {"model": "admin.logentry", "pk": 54, "fields": {"action_time": "2021-08-05T07:59:42.466Z", "user": 1, "content_type": 7, "object_id": "8", "object_repr": "qa@gmail.com", "action_flag": 3, "change_message": ""}}, {"model": "admin.logentry", "pk": 55, "fields": {"action_time": "2021-08-05T07:59:42.470Z", "user": 1, "content_type": 7, "object_id": "7", "object_repr": "aloha@gmail.com", "action_flag": 3, "change_message": ""}}, {"model": "admin.logentry", "pk": 56, "fields": {"action_time": "2021-08-05T07:59:42.494Z", "user": 1, "content_type": 7, "object_id": "6", "object_repr": "qw@amail.com", "action_flag": 3, "change_message": ""}}, {"model": "admin.logentry", "pk": 57, "fields": {"action_time": "2021-08-05T07:59:42.502Z", "user": 1, "content_type": 7, "object_id": "5", "object_repr": "kuhikar1231@gmail.com", "action_flag": 3, "change_message": ""}}, {"model": "admin.logentry", "pk": 58, "fields": {"action_time": "2021-08-05T07:59:42.530Z", "user": 1, "content_type": 7, "object_id": "4", "object_repr": "kuhikar123@gmail.com", "action_flag": 3, "change_message": ""}}, {"model": "admin.logentry", "pk": 59, "fields": {"action_time": "2021-08-05T07:59:42.562Z", "user": 1, "content_type": 7, "object_id": "3", "object_repr": "kuhikar@gmail.com", "action_flag": 3, "change_message": ""}}, {"model": "admin.logentry", "pk": 60, "fields": {"action_time": "2021-08-05T07:59:42.594Z", "user": 1, "content_type": 7, "object_id": "2", "object_repr": "mkuhikar@gmail.com", "action_flag": 3, "change_message": ""}}, {"model": "admin.logentry", "pk": 61, "fields": {"action_time": "2021-08-05T07:59:51.565Z", "user": 1, "content_type": 7, "object_id": "14", "object_repr": "zx@w.com", "action_flag": 3, "change_message": ""}}, {"model": "admin.logentry", "pk": 62, "fields": {"action_time": "2021-08-05T08:03:58.288Z", "user": 1, "content_type": 7, "object_id": "26", "object_repr": "mkuhikar@gmail.com", "action_flag": 3, "change_message": ""}}, {"model": "admin.logentry", "pk": 63, "fields": {"action_time": "2021-08-05T08:05:21.454Z", "user": 1, "content_type": 7, "object_id": "27", "object_repr": "mkuhikar@gmail.com", "action_flag": 3, "change_message": ""}}, {"model": "admin.logentry", "pk": 64, "fields": {"action_time": "2021-08-05T08:15:07.772Z", "user": 1, "content_type": 7, "object_id": "28", "object_repr": "mkuhikar@gmail.com", "action_flag": 3, "change_message": ""}}, {"model": "admin.logentry", "pk": 65, "fields": {"action_time": "2021-08-05T08:16:38.971Z", "user": 1, "content_type": 7, "object_id": "29", "object_repr": "mkuhikar@gmail.com", "action_flag": 3, "change_message": ""}}, {"model": "admin.logentry", "pk": 66, "fields": {"action_time": "2021-08-05T08:17:32.955Z", "user": 1, "content_type": 7, "object_id": "30", "object_repr": "mkuhikar@gmail.com", "action_flag": 3, "change_message": ""}}, {"model": "admin.logentry", "pk": 67, "fields": {"action_time": "2021-08-05T08:21:51.375Z", "user": 1, "content_type": 7, "object_id": "31", "object_repr": "mkuhikar@gmail.com", "action_flag": 3, "change_message": ""}}, {"model": "admin.logentry", "pk": 68, "fields": {"action_time": "2021-08-05T09:44:58.482Z", "user": 1, "content_type": 7, "object_id": "32", "object_repr": "mkuhikar@gmail.com", "action_flag": 3, "change_message": ""}}, {"model": "admin.logentry", "pk": 69, "fields": {"action_time": "2021-08-07T03:15:43.950Z", "user": 1, "content_type": 9, "object_id": "56", "object_repr": "CartItem object (56)", "action_flag": 3, "change_message": ""}}, {"model": "admin.logentry", "pk": 70, "fields": {"action_time": "2021-08-07T03:15:43.954Z", "user": 1, "content_type": 9, "object_id": "55", "object_repr": "CartItem object (55)", "action_flag": 3, "change_message": ""}}, {"model": "admin.logentry", "pk": 71, "fields": {"action_time": "2021-08-07T03:15:43.979Z", "user": 1, "content_type": 9, "object_id": "54", "object_repr": "CartItem object (54)", "action_flag": 3, "change_message": ""}}, {"model": "admin.logentry", "pk": 72, "fields": {"action_time": "2021-08-07T03:15:44.006Z", "user": 1, "content_type": 9, "object_id": "52", "object_repr": "CartItem object (52)", "action_flag": 3, "change_message": ""}}, {"model": "admin.logentry", "pk": 73, "fields": {"action_time": "2021-08-07T03:15:44.032Z", "user": 1, "content_type": 9, "object_id": "49", "object_repr": "CartItem object (49)", "action_flag": 3, "change_message": ""}}, {"model": "admin.logentry", "pk": 74, "fields": {"action_time": "2021-08-07T03:15:44.054Z", "user": 1, "content_type": 9, "object_id": "45", "object_repr": "CartItem object (45)", "action_flag": 3, "change_message": ""}}, {"model": "admin.logentry", "pk": 75, "fields": {"action_time": "2021-08-07T03:15:44.075Z", "user": 1, "content_type": 9, "object_id": "44", "object_repr": "CartItem object (44)", "action_flag": 3, "change_message": ""}}, {"model": "admin.logentry", "pk": 76, "fields": {"action_time": "2021-08-07T03:15:44.105Z", "user": 1, "content_type": 9, "object_id": "43", "object_repr": "CartItem object (43)", "action_flag": 3, "change_message": ""}}, {"model": "admin.logentry", "pk": 77, "fields": {"action_time": "2021-08-07T03:15:44.110Z", "user": 1, "content_type": 9, "object_id": "42", "object_repr": "CartItem object (42)", "action_flag": 3, "change_message": ""}}, {"model": "admin.logentry", "pk": 78, "fields": {"action_time": "2021-08-07T03:15:44.134Z", "user": 1, "content_type": 9, "object_id": "41", "object_repr": "CartItem object (41)", "action_flag": 3, "change_message": ""}}, {"model": "admin.logentry", "pk": 79, "fields": {"action_time": "2021-08-07T03:15:44.159Z", "user": 1, "content_type": 9, "object_id": "40", "object_repr": "CartItem object (40)", "action_flag": 3, "change_message": ""}}, {"model": "admin.logentry", "pk": 80, "fields": {"action_time": "2021-08-07T03:15:44.184Z", "user": 1, "content_type": 9, "object_id": "39", "object_repr": "CartItem object (39)", "action_flag": 3, "change_message": ""}}, {"model": "admin.logentry", "pk": 81, "fields": {"action_time": "2021-08-07T03:15:44.190Z", "user": 1, "content_type": 9, "object_id": "38", "object_repr": "CartItem object (38)", "action_flag": 3, "change_message": ""}}, {"model": "admin.logentry", "pk": 82, "fields": {"action_time": "2021-08-07T03:15:44.195Z", "user": 1, "content_type": 9, "object_id": "37", "object_repr": "CartItem object (37)", "action_flag": 3, "change_message": ""}}, {"model": "admin.logentry", "pk": 83, "fields": {"action_time": "2021-08-07T03:15:44.218Z", "user": 1, "content_type": 9, "object_id": "36", "object_repr": "CartItem object (36)", "action_flag": 3, "change_message": ""}}, {"model": "admin.logentry", "pk": 84, "fields": {"action_time": "2021-08-07T03:15:44.245Z", "user": 1, "content_type": 9, "object_id": "35", "object_repr": "CartItem object (35)", "action_flag": 3, "change_message": ""}}, {"model": "admin.logentry", "pk": 85, "fields": {"action_time": "2021-08-07T03:15:44.268Z", "user": 1, "content_type": 9, "object_id": "34", "object_repr": "CartItem object (34)", "action_flag": 3, "change_message": ""}}, {"model": "admin.logentry", "pk": 86, "fields": {"action_time": "2021-08-07T03:15:44.292Z", "user": 1, "content_type": 9, "object_id": "32", "object_repr": "CartItem object (32)", "action_flag": 3, "change_message": ""}}, {"model": "admin.logentry", "pk": 87, "fields": {"action_time": "2021-08-07T03:15:44.316Z", "user": 1, "content_type": 9, "object_id": "31", "object_repr": "CartItem object (31)", "action_flag": 3, "change_message": ""}}, {"model": "admin.logentry", "pk": 88, "fields": {"action_time": "2021-08-07T03:15:44.341Z", "user": 1, "content_type": 9, "object_id": "30", "object_repr": "CartItem object (30)", "action_flag": 3, "change_message": ""}}, {"model": "admin.logentry", "pk": 89, "fields": {"action_time": "2021-08-07T03:20:35.753Z", "user": 1, "content_type": 9, "object_id": "57", "object_repr": "CartItem object (57)", "action_flag": 3, "change_message": ""}}, {"model": "admin.logentry", "pk": 90, "fields": {"action_time": "2021-08-07T05:32:05.369Z", "user": 1, "content_type": 7, "object_id": "35", "object_repr": "kuhikarpiyush@gmail.com", "action_flag": 3, "change_message": ""}}, {"model": "admin.logentry", "pk": 91, "fields": {"action_time": "2021-08-07T08:01:06.770Z", "user": 1, "content_type": 9, "object_id": "65", "object_repr": "CartItem object (65)", "action_flag": 3, "change_message": ""}}, {"model": "admin.logentry", "pk": 92, "fields": {"action_time": "2021-08-07T08:01:06.774Z", "user": 1, "content_type": 9, "object_id": "64", "object_repr": "CartItem object (64)", "action_flag": 3, "change_message": ""}}, {"model": "admin.logentry", "pk": 93, "fields": {"action_time": "2021-08-07T08:01:06.779Z", "user": 1, "content_type": 9, "object_id": "63", "object_repr": "CartItem object (63)", "action_flag": 3, "change_message": ""}}, {"model": "admin.logentry", "pk": 94, "fields": {"action_time": "2021-08-07T08:01:06.803Z", "user": 1, "content_type": 9, "object_id": "61", "object_repr": "CartItem object (61)", "action_flag": 3, "change_message": ""}}, {"model": "admin.logentry", "pk": 95, "fields": {"action_time": "2021-08-07T08:01:06.808Z", "user": 1, "content_type": 9, "object_id": "59", "object_repr": "CartItem object (59)", "action_flag": 3, "change_message": ""}}, {"model": "admin.logentry", "pk": 96, "fields": {"action_time": "2021-08-07T08:01:06.838Z", "user": 1, "content_type": 9, "object_id": "58", "object_repr": "CartItem object (58)", "action_flag": 3, "change_message": ""}}, {"model": "admin.logentry", "pk": 97, "fields": {"action_time": "2021-08-07T10:26:28.354Z", "user": 1, "content_type": 9, "object_id": "72", "object_repr": "CartItem object (72)", "action_flag": 3, "change_message": ""}}, {"model": "admin.logentry", "pk": 98, "fields": {"action_time": "2021-08-07T10:26:28.362Z", "user": 1, "content_type": 9, "object_id": "71", "object_repr": "CartItem object (71)", "action_flag": 3, "change_message": ""}}, {"model": "admin.logentry", "pk": 99, "fields": {"action_time": "2021-08-07T10:26:28.365Z", "user": 1, "content_type": 9, "object_id": "70", "object_repr": "CartItem object (70)", "action_flag": 3, "change_message": ""}}, {"model": "admin.logentry", "pk": 100, "fields": {"action_time": "2021-08-07T10:26:28.393Z", "user": 1, "content_type": 9, "object_id": "69", "object_repr": "CartItem object (69)", "action_flag": 3, "change_message": ""}}, {"model": "admin.logentry", "pk": 101, "fields": {"action_time": "2021-08-07T10:26:28.425Z", "user": 1, "content_type": 9, "object_id": "68", "object_repr": "CartItem object (68)", "action_flag": 3, "change_message": ""}}, {"model": "admin.logentry", "pk": 102, "fields": {"action_time": "2021-08-07T10:26:28.449Z", "user": 1, "content_type": 9, "object_id": "67", "object_repr": "CartItem object (67)", "action_flag": 3, "change_message": ""}}, {"model": "admin.logentry", "pk": 103, "fields": {"action_time": "2021-08-07T10:26:28.481Z", "user": 1, "content_type": 9, "object_id": "66", "object_repr": "CartItem object (66)", "action_flag": 3, "change_message": ""}}, {"model": "admin.logentry", "pk": 104, "fields": {"action_time": "2021-08-10T14:31:56.657Z", "user": 1, "content_type": 11, "object_id": "18", "object_repr": "Brown", "action_flag": 1, "change_message": "[{\"added\": {}}]"}}, {"model": "admin.logentry", "pk": 105, "fields": {"action_time": "2021-08-10T14:32:03.767Z", "user": 1, "content_type": 11, "object_id": "19", "object_repr": "White", "action_flag": 1, "change_message": "[{\"added\": {}}]"}}, {"model": "admin.logentry", "pk": 106, "fields": {"action_time": "2021-08-10T14:32:11.654Z", "user": 1, "content_type": 11, "object_id": "20", "object_repr": "Black", "action_flag": 1, "change_message": "[{\"added\": {}}]"}}, {"model": "admin.logentry", "pk": 107, "fields": {"action_time": "2021-08-10T14:32:19.223Z", "user": 1, "content_type": 11, "object_id": "21", "object_repr": "7", "action_flag": 1, "change_message": "[{\"added\": {}}]"}}, {"model": "admin.logentry", "pk": 108, "fields": {"action_time": "2021-08-10T14:32:25.960Z", "user": 1, "content_type": 11, "object_id": "22", "object_repr": "8", "action_flag": 1, "change_message": "[{\"added\": {}}]"}}, {"model": "admin.logentry", "pk": 109, "fields": {"action_time": "2021-08-10T14:32:32.284Z", "user": 1, "content_type": 11, "object_id": "23", "object_repr": "9", "action_flag": 1, "change_message": "[{\"added\": {}}]"}}, {"model": "admin.logentry", "pk": 110, "fields": {"action_time": "2021-08-10T14:32:39.361Z", "user": 1, "content_type": 11, "object_id": "24", "object_repr": "10", "action_flag": 1, "change_message": "[{\"added\": {}}]"}}, {"model": "admin.logentry", "pk": 111, "fields": {"action_time": "2021-08-10T14:33:57.811Z", "user": 1, "content_type": 14, "object_id": "3", "object_repr": "Basketball shoes", "action_flag": 3, "change_message": ""}}, {"model": "admin.logentry", "pk": 112, "fields": {"action_time": "2021-08-18T06:14:16.323Z", "user": 1, "content_type": 14, "object_id": "34", "object_repr": "ATX Jeans", "action_flag": 3, "change_message": ""}}, {"model": "admin.logentry", "pk": 113, "fields": {"action_time": "2021-08-18T06:14:16.323Z", "user": 1, "content_type": 14, "object_id": "33", "object_repr": "Great T-shirt", "action_flag": 3, "change_message": ""}}, {"model": "admin.logentry", "pk": 114, "fields": {"action_time": "2021-08-18T06:14:16.331Z", "user": 1, "content_type": 14, "object_id": "32", "object_repr": "ATX Jeans", "action_flag": 3, "change_message": ""}}, {"model": "admin.logentry", "pk": 115, "fields": {"action_time": "2021-08-18T06:14:16.367Z", "user": 1, "content_type": 14, "object_id": "31", "object_repr": "ATX Jeans", "action_flag": 3, "change_message": ""}}, {"model": "admin.logentry", "pk": 116, "fields": {"action_time": "2021-08-18T06:14:16.371Z", "user": 1, "content_type": 14, "object_id": "30", "object_repr": "ATX Jeans", "action_flag": 3, "change_message": ""}}, {"model": "admin.logentry", "pk": 117, "fields": {"action_time": "2021-08-18T06:14:16.395Z", "user": 1, "content_type": 14, "object_id": "29", "object_repr": "ATX Jeans", "action_flag": 3, "change_message": ""}}, {"model": "admin.logentry", "pk": 118, "fields": {"action_time": "2021-08-18T06:14:16.419Z", "user": 1, "content_type": 14, "object_id": "28", "object_repr": "Great T-shirt", "action_flag": 3, "change_message": ""}}, {"model": "admin.logentry", "pk": 119, "fields": {"action_time": "2021-08-18T06:14:16.423Z", "user": 1, "content_type": 14, "object_id": "27", "object_repr": "ATX Jeans", "action_flag": 3, "change_message": ""}}, {"model": "admin.logentry", "pk": 120, "fields": {"action_time": "2021-08-18T06:14:16.451Z", "user": 1, "content_type": 14, "object_id": "26", "object_repr": "Great T-shirt", "action_flag": 3, "change_message": ""}}, {"model": "admin.logentry", "pk": 121, "fields": {"action_time": "2021-08-18T06:14:16.479Z", "user": 1, "content_type": 14, "object_id": "25", "object_repr": "ATX Jeans", "action_flag": 3, "change_message": ""}}, {"model": "admin.logentry", "pk": 122, "fields": {"action_time": "2021-08-18T06:14:16.487Z", "user": 1, "content_type": 14, "object_id": "24", "object_repr": "ATX Jeans", "action_flag": 3, "change_message": ""}}, {"model": "admin.logentry", "pk": 123, "fields": {"action_time": "2021-08-18T06:14:16.515Z", "user": 1, "content_type": 14, "object_id": "23", "object_repr": "Great T-shirt", "action_flag": 3, "change_message": ""}}, {"model": "admin.logentry", "pk": 124, "fields": {"action_time": "2021-08-18T06:14:16.539Z", "user": 1, "content_type": 14, "object_id": "22", "object_repr": "Great T-shirt", "action_flag": 3, "change_message": ""}}, {"model": "admin.logentry", "pk": 125, "fields": {"action_time": "2021-08-18T06:14:16.563Z", "user": 1, "content_type": 14, "object_id": "21", "object_repr": "Great T-shirt", "action_flag": 3, "change_message": ""}}, {"model": "admin.logentry", "pk": 126, "fields": {"action_time": "2021-08-18T06:14:16.591Z", "user": 1, "content_type": 14, "object_id": "20", "object_repr": "ATX Jeans", "action_flag": 3, "change_message": ""}}, {"model": "admin.logentry", "pk": 127, "fields": {"action_time": "2021-08-18T06:14:16.599Z", "user": 1, "content_type": 14, "object_id": "19", "object_repr": "Basketball shoes", "action_flag": 3, "change_message": ""}}, {"model": "admin.logentry", "pk": 128, "fields": {"action_time": "2021-08-18T06:14:16.610Z", "user": 1, "content_type": 14, "object_id": "18", "object_repr": "Tight jeans", "action_flag": 3, "change_message": ""}}, {"model": "admin.logentry", "pk": 129, "fields": {"action_time": "2021-08-18T06:14:16.638Z", "user": 1, "content_type": 14, "object_id": "17", "object_repr": "Great T-shirt", "action_flag": 3, "change_message": ""}}, {"model": "admin.logentry", "pk": 130, "fields": {"action_time": "2021-08-18T06:14:16.662Z", "user": 1, "content_type": 14, "object_id": "16", "object_repr": "Great T-shirt", "action_flag": 3, "change_message": ""}}, {"model": "admin.logentry", "pk": 131, "fields": {"action_time": "2021-08-18T06:14:16.686Z", "user": 1, "content_type": 14, "object_id": "15", "object_repr": "Great T-shirt", "action_flag": 3, "change_message": ""}}, {"model": "admin.logentry", "pk": 132, "fields": {"action_time": "2021-08-18T06:14:16.710Z", "user": 1, "content_type": 14, "object_id": "14", "object_repr": "Great T-shirt", "action_flag": 3, "change_message": ""}}, {"model": "admin.logentry", "pk": 133, "fields": {"action_time": "2021-08-18T06:14:16.742Z", "user": 1, "content_type": 14, "object_id": "13", "object_repr": "Great T-shirt", "action_flag": 3, "change_message": ""}}, {"model": "admin.logentry", "pk": 134, "fields": {"action_time": "2021-08-18T06:14:16.750Z", "user": 1, "content_type": 14, "object_id": "12", "object_repr": "ATX Jeans", "action_flag": 3, "change_message": ""}}, {"model": "admin.logentry", "pk": 135, "fields": {"action_time": "2021-08-18T06:14:16.774Z", "user": 1, "content_type": 14, "object_id": "11", "object_repr": "Great T-shirt", "action_flag": 3, "change_message": ""}}, {"model": "admin.logentry", "pk": 136, "fields": {"action_time": "2021-08-18T06:14:16.798Z", "user": 1, "content_type": 14, "object_id": "10", "object_repr": "Great T-shirt", "action_flag": 3, "change_message": ""}}, {"model": "admin.logentry", "pk": 137, "fields": {"action_time": "2021-08-18T06:14:16.822Z", "user": 1, "content_type": 14, "object_id": "9", "object_repr": "Basketball shoes", "action_flag": 3, "change_message": ""}}, {"model": "admin.logentry", "pk": 138, "fields": {"action_time": "2021-08-18T06:14:16.846Z", "user": 1, "content_type": 14, "object_id": "8", "object_repr": "Basketball shoes", "action_flag": 3, "change_message": ""}}, {"model": "admin.logentry", "pk": 139, "fields": {"action_time": "2021-08-18T06:14:16.870Z", "user": 1, "content_type": 14, "object_id": "7", "object_repr": "Tight jeans", "action_flag": 3, "change_message": ""}}, {"model": "admin.logentry", "pk": 140, "fields": {"action_time": "2021-08-18T06:14:16.894Z", "user": 1, "content_type": 14, "object_id": "6", "object_repr": "Tight jeans", "action_flag": 3, "change_message": ""}}, {"model": "admin.logentry", "pk": 141, "fields": {"action_time": "2021-08-18T06:14:16.922Z", "user": 1, "content_type": 14, "object_id": "5", "object_repr": "Basketball shoes", "action_flag": 3, "change_message": ""}}, {"model": "admin.logentry", "pk": 142, "fields": {"action_time": "2021-08-18T06:14:16.946Z", "user": 1, "content_type": 14, "object_id": "4", "object_repr": "Basketball shoes", "action_flag": 3, "change_message": ""}}, {"model": "admin.logentry", "pk": 143, "fields": {"action_time": "2021-08-18T06:14:16.970Z", "user": 1, "content_type": 14, "object_id": "2", "object_repr": "Great T-shirt", "action_flag": 3, "change_message": ""}}, {"model": "admin.logentry", "pk": 144, "fields": {"action_time": "2021-08-18T06:14:16.998Z", "user": 1, "content_type": 14, "object_id": "1", "object_repr": "ATX Jeans", "action_flag": 3, "change_message": ""}}, {"model": "admin.logentry", "pk": 145, "fields": {"action_time": "2021-08-18T06:16:15.169Z", "user": 1, "content_type": 15, "object_id": "2", "object_repr": "not bought", "action_flag": 3, "change_message": ""}}, {"model": "admin.logentry", "pk": 146, "fields": {"action_time": "2021-08-18T06:16:15.169Z", "user": 1, "content_type": 15, "object_id": "1", "object_repr": "good", "action_flag": 3, "change_message": ""}}, {"model": "admin.logentry", "pk": 147, "fields": {"action_time": "2021-08-18T06:42:36.441Z", "user": 1, "content_type": 15, "object_id": "3", "object_repr": "bakwas firse", "action_flag": 3, "change_message": ""}}, {"model": "admin.logentry", "pk": 148, "fields": {"action_time": "2021-08-18T06:48:02.630Z", "user": 1, "content_type": 15, "object_id": "4", "object_repr": "good", "action_flag": 3, "change_message": ""}}, {"model": "admin.logentry", "pk": 149, "fields": {"action_time": "2021-08-18T08:27:03.335Z", "user": 1, "content_type": 15, "object_id": "6", "object_repr": "cha hai", "action_flag": 2, "change_message": "[{\"changed\": {\"fields\": [\"Rating\"]}}]"}}, {"model": "admin.logentry", "pk": 150, "fields": {"action_time": "2021-08-19T03:50:15.427Z", "user": 1, "content_type": 15, "object_id": "6", "object_repr": "cha hai", "action_flag": 2, "change_message": "[{\"changed\": {\"fields\": [\"Rating\"]}}]"}}, {"model": "admin.logentry", "pk": 151, "fields": {"action_time": "2021-08-19T03:50:43.693Z", "user": 1, "content_type": 15, "object_id": "5", "object_repr": "bakwas firse", "action_flag": 2, "change_message": "[{\"changed\": {\"fields\": [\"Rating\"]}}]"}}, {"model": "admin.logentry", "pk": 152, "fields": {"action_time": "2021-08-19T09:30:03.739Z", "user": 1, "content_type": 7, "object_id": "36", "object_repr": "kuhikarpiyush@gmail.com", "action_flag": 2, "change_message": "[{\"changed\": {\"fields\": [\"Phone number\"]}}]"}}, {"model": "admin.logentry", "pk": 153, "fields": {"action_time": "2021-08-19T11:49:21.997Z", "user": 1, "content_type": 16, "object_id": "1", "object_repr": "Ab", "action_flag": 1, "change_message": "[{\"added\": {}}]"}}, {"model": "admin.logentry", "pk": 154, "fields": {"action_time": "2021-08-19T17:09:55.019Z", "user": 1, "content_type": 7, "object_id": "33", "object_repr": "mkuhikar@gmail.com", "action_flag": 3, "change_message": ""}}, {"model": "admin.logentry", "pk": 155, "fields": {"action_time": "2021-08-20T07:35:54.318Z", "user": 1, "content_type": 7, "object_id": "37", "object_repr": "mkuhikar@gmail.com", "action_flag": 3, "change_message": ""}}, {"model": "admin.logentry", "pk": 156, "fields": {"action_time": "2021-08-20T07:40:08.148Z", "user": 1, "content_type": 7, "object_id": "38", "object_repr": "mkuhikar@gmail.com", "action_flag": 3, "change_message": ""}}, {"model": "admin.logentry", "pk": 157, "fields": {"action_time": "2021-08-20T08:29:14.517Z", "user": 1, "content_type": 7, "object_id": "39", "object_repr": "mkuhikar@gmail.com", "action_flag": 3, "change_message": ""}}, {"model": "admin.logentry", "pk": 158, "fields": {"action_time": "2021-08-20T08:29:32.309Z", "user": 1, "content_type": 7, "object_id": "36", "object_repr": "kuhikarpiyush@gmail.com", "action_flag": 3, "change_message": ""}}, {"model": "admin.logentry", "pk": 159, "fields": {"action_time": "2021-08-20T08:29:32.309Z", "user": 1, "content_type": 7, "object_id": "34", "object_repr": "abc@gmail.com", "action_flag": 3, "change_message": ""}}, {"model": "admin.logentry", "pk": 160, "fields": {"action_time": "2021-08-20T08:33:02.553Z", "user": 1, "content_type": 16, "object_id": "2", "object_repr": "admin", "action_flag": 2, "change_message": "[{\"changed\": {\"fields\": [\"Profile picture\"]}}]"}}, {"model": "admin.logentry", "pk": 161, "fields": {"action_time": "2021-08-20T08:35:14.628Z", "user": 1, "content_type": 16, "object_id": "4", "object_repr": "Piyush", "action_flag": 1, "change_message": "[{\"added\": {}}]"}}, {"model": "admin.logentry", "pk": 162, "fields": {"action_time": "2021-08-20T10:03:10.770Z", "user": 1, "content_type": 7, "object_id": "40", "object_repr": "mkuhikar@gmail.com", "action_flag": 3, "change_message": ""}}, {"model": "admin.logentry", "pk": 163, "fields": {"action_time": "2021-08-21T10:55:01.879Z", "user": 1, "content_type": 8, "object_id": "8", "object_repr": "Puma Ferrari Shoes", "action_flag": 2, "change_message": "[{\"added\": {\"name\": \"product gallery\", \"object\": \"Puma Ferrari Shoes\"}}]"}}, {"model": "admin.logentry", "pk": 164, "fields": {"action_time": "2021-08-21T10:59:01.321Z", "user": 1, "content_type": 8, "object_id": "8", "object_repr": "Puma Ferrari Shoes", "action_flag": 2, "change_message": "[{\"added\": {\"name\": \"product gallery\", \"object\": \"Puma Ferrari Shoes\"}}]"}}, {"model": "auth.permission", "pk": 1, "fields": {"name": "Can add log entry", "content_type": 1, "codename": "add_logentry"}}, {"model": "auth.permission", "pk": 2, "fields": {"name": "Can change log entry", "content_type": 1, "codename": "change_logentry"}}, {"model": "auth.permission", "pk": 3, "fields": {"name": "Can delete log entry", "content_type": 1, "codename": "delete_logentry"}}, {"model": "auth.permission", "pk": 4, "fields": {"name": "Can view log entry", "content_type": 1, "codename": "view_logentry"}}, {"model": "auth.permission", "pk": 5, "fields": {"name": "Can add permission", "content_type": 2, "codename": "add_permission"}}, {"model": "auth.permission", "pk": 6, "fields": {"name": "Can change permission", "content_type": 2, "codename": "change_permission"}}, {"model": "auth.permission", "pk": 7, "fields": {"name": "Can delete permission", "content_type": 2, "codename": "delete_permission"}}, {"model": "auth.permission", "pk": 8, "fields": {"name": "Can view permission", "content_type": 2, "codename": "view_permission"}}, {"model": "auth.permission", "pk": 9, "fields": {"name": "Can add group", "content_type": 3, "codename": "add_group"}}, {"model": "auth.permission", "pk": 10, "fields": {"name": "Can change group", "content_type": 3, "codename": "change_group"}}, {"model": "auth.permission", "pk": 11, "fields": {"name": "Can delete group", "content_type": 3, "codename": "delete_group"}}, {"model": "auth.permission", "pk": 12, "fields": {"name": "Can view group", "content_type": 3, "codename": "view_group"}}, {"model": "auth.permission", "pk": 13, "fields": {"name": "Can add content type", "content_type": 4, "codename": "add_contenttype"}}, {"model": "auth.permission", "pk": 14, "fields": {"name": "Can change content type", "content_type": 4, "codename": "change_contenttype"}}, {"model": "auth.permission", "pk": 15, "fields": {"name": "Can delete content type", "content_type": 4, "codename": "delete_contenttype"}}, {"model": "auth.permission", "pk": 16, "fields": {"name": "Can view content type", "content_type": 4, "codename": "view_contenttype"}}, {"model": "auth.permission", "pk": 17, "fields": {"name": "Can add session", "content_type": 5, "codename": "add_session"}}, {"model": "auth.permission", "pk": 18, "fields": {"name": "Can change session", "content_type": 5, "codename": "change_session"}}, {"model": "auth.permission", "pk": 19, "fields": {"name": "Can delete session", "content_type": 5, "codename": "delete_session"}}, {"model": "auth.permission", "pk": 20, "fields": {"name": "Can view session", "content_type": 5, "codename": "view_session"}}, {"model": "auth.permission", "pk": 21, "fields": {"name": "Can add category", "content_type": 6, "codename": "add_category"}}, {"model": "auth.permission", "pk": 22, "fields": {"name": "Can change category", "content_type": 6, "codename": "change_category"}}, {"model": "auth.permission", "pk": 23, "fields": {"name": "Can delete category", "content_type": 6, "codename": "delete_category"}}, {"model": "auth.permission", "pk": 24, "fields": {"name": "Can view category", "content_type": 6, "codename": "view_category"}}, {"model": "auth.permission", "pk": 25, "fields": {"name": "Can add account", "content_type": 7, "codename": "add_account"}}, {"model": "auth.permission", "pk": 26, "fields": {"name": "Can change account", "content_type": 7, "codename": "change_account"}}, {"model": "auth.permission", "pk": 27, "fields": {"name": "Can delete account", "content_type": 7, "codename": "delete_account"}}, {"model": "auth.permission", "pk": 28, "fields": {"name": "Can view account", "content_type": 7, "codename": "view_account"}}, {"model": "auth.permission", "pk": 29, "fields": {"name": "Can add product", "content_type": 8, "codename": "add_product"}}, {"model": "auth.permission", "pk": 30, "fields": {"name": "Can change product", "content_type": 8, "codename": "change_product"}}, {"model": "auth.permission", "pk": 31, "fields": {"name": "Can delete product", "content_type": 8, "codename": "delete_product"}}, {"model": "auth.permission", "pk": 32, "fields": {"name": "Can view product", "content_type": 8, "codename": "view_product"}}, {"model": "auth.permission", "pk": 33, "fields": {"name": "Can add cart item", "content_type": 9, "codename": "add_cartitem"}}, {"model": "auth.permission", "pk": 34, "fields": {"name": "Can change cart item", "content_type": 9, "codename": "change_cartitem"}}, {"model": "auth.permission", "pk": 35, "fields": {"name": "Can delete cart item", "content_type": 9, "codename": "delete_cartitem"}}, {"model": "auth.permission", "pk": 36, "fields": {"name": "Can view cart item", "content_type": 9, "codename": "view_cartitem"}}, {"model": "auth.permission", "pk": 37, "fields": {"name": "Can add cart", "content_type": 10, "codename": "add_cart"}}, {"model": "auth.permission", "pk": 38, "fields": {"name": "Can change cart", "content_type": 10, "codename": "change_cart"}}, {"model": "auth.permission", "pk": 39, "fields": {"name": "Can delete cart", "content_type": 10, "codename": "delete_cart"}}, {"model": "auth.permission", "pk": 40, "fields": {"name": "Can view cart", "content_type": 10, "codename": "view_cart"}}, {"model": "auth.permission", "pk": 41, "fields": {"name": "Can add variation", "content_type": 11, "codename": "add_variation"}}, {"model": "auth.permission", "pk": 42, "fields": {"name": "Can change variation", "content_type": 11, "codename": "change_variation"}}, {"model": "auth.permission", "pk": 43, "fields": {"name": "Can delete variation", "content_type": 11, "codename": "delete_variation"}}, {"model": "auth.permission", "pk": 44, "fields": {"name": "Can view variation", "content_type": 11, "codename": "view_variation"}}, {"model": "auth.permission", "pk": 45, "fields": {"name": "Can add payment", "content_type": 12, "codename": "add_payment"}}, {"model": "auth.permission", "pk": 46, "fields": {"name": "Can change payment", "content_type": 12, "codename": "change_payment"}}, {"model": "auth.permission", "pk": 47, "fields": {"name": "Can delete payment", "content_type": 12, "codename": "delete_payment"}}, {"model": "auth.permission", "pk": 48, "fields": {"name": "Can view payment", "content_type": 12, "codename": "view_payment"}}, {"model": "auth.permission", "pk": 49, "fields": {"name": "Can add order", "content_type": 13, "codename": "add_order"}}, {"model": "auth.permission", "pk": 50, "fields": {"name": "Can change order", "content_type": 13, "codename": "change_order"}}, {"model": "auth.permission", "pk": 51, "fields": {"name": "Can delete order", "content_type": 13, "codename": "delete_order"}}, {"model": "auth.permission", "pk": 52, "fields": {"name": "Can view order", "content_type": 13, "codename": "view_order"}}, {"model": "auth.permission", "pk": 53, "fields": {"name": "Can add order product", "content_type": 14, "codename": "add_orderproduct"}}, {"model": "auth.permission", "pk": 54, "fields": {"name": "Can change order product", "content_type": 14, "codename": "change_orderproduct"}}, {"model": "auth.permission", "pk": 55, "fields": {"name": "Can delete order product", "content_type": 14, "codename": "delete_orderproduct"}}, {"model": "auth.permission", "pk": 56, "fields": {"name": "Can view order product", "content_type": 14, "codename": "view_orderproduct"}}, {"model": "auth.permission", "pk": 57, "fields": {"name": "Can add review ratinf", "content_type": 15, "codename": "add_reviewratinf"}}, {"model": "auth.permission", "pk": 58, "fields": {"name": "Can change review ratinf", "content_type": 15, "codename": "change_reviewratinf"}}, {"model": "auth.permission", "pk": 59, "fields": {"name": "Can delete review ratinf", "content_type": 15, "codename": "delete_reviewratinf"}}, {"model": "auth.permission", "pk": 60, "fields": {"name": "Can view review ratinf", "content_type": 15, "codename": "view_reviewratinf"}}, {"model": "auth.permission", "pk": 61, "fields": {"name": "Can add review rating", "content_type": 15, "codename": "add_reviewrating"}}, {"model": "auth.permission", "pk": 62, "fields": {"name": "Can change review rating", "content_type": 15, "codename": "change_reviewrating"}}, {"model": "auth.permission", "pk": 63, "fields": {"name": "Can delete review rating", "content_type": 15, "codename": "delete_reviewrating"}}, {"model": "auth.permission", "pk": 64, "fields": {"name": "Can view review rating", "content_type": 15, "codename": "view_reviewrating"}}, {"model": "auth.permission", "pk": 65, "fields": {"name": "Can add user profile", "content_type": 16, "codename": "add_userprofile"}}, {"model": "auth.permission", "pk": 66, "fields": {"name": "Can change user profile", "content_type": 16, "codename": "change_userprofile"}}, {"model": "auth.permission", "pk": 67, "fields": {"name": "Can delete user profile", "content_type": 16, "codename": "delete_userprofile"}}, {"model": "auth.permission", "pk": 68, "fields": {"name": "Can view user profile", "content_type": 16, "codename": "view_userprofile"}}, {"model": "auth.permission", "pk": 69, "fields": {"name": "Can add product gallery", "content_type": 17, "codename": "add_productgallery"}}, {"model": "auth.permission", "pk": 70, "fields": {"name": "Can change product gallery", "content_type": 17, "codename": "change_productgallery"}}, {"model": "auth.permission", "pk": 71, "fields": {"name": "Can delete product gallery", "content_type": 17, "codename": "delete_productgallery"}}, {"model": "auth.permission", "pk": 72, "fields": {"name": "Can view product gallery", "content_type": 17, "codename": "view_productgallery"}}, {"model": "auth.permission", "pk": 73, "fields": {"name": "Can add login attempt", "content_type": 18, "codename": "add_loginattempt"}}, {"model": "auth.permission", "pk": 74, "fields": {"name": "Can change login attempt", "content_type": 18, "codename": "change_loginattempt"}}, {"model": "auth.permission", "pk": 75, "fields": {"name": "Can delete login attempt", "content_type": 18, "codename": "delete_loginattempt"}}, {"model": "auth.permission", "pk": 76, "fields": {"name": "Can view login attempt", "content_type": 18, "codename": "view_loginattempt"}}, {"model": "contenttypes.contenttype", "pk": 1, "fields": {"app_label": "admin", "model": "logentry"}}, {"model": "contenttypes.contenttype", "pk": 2, "fields": {"app_label": "auth", "model": "permission"}}, {"model": "contenttypes.contenttype", "pk": 3, "fields": {"app_label": "auth", "model": "group"}}, {"model": "contenttypes.contenttype", "pk": 4, "fields": {"app_label": "contenttypes", "model": "contenttype"}}, {"model": "contenttypes.contenttype", "pk": 5, "fields": {"app_label": "sessions", "model": "session"}}, {"model": "contenttypes.contenttype", "pk": 6, "fields": {"app_label": "category", "model": "category"}}, {"model": "contenttypes.contenttype", "pk": 7, "fields": {"app_label": "accounts", "model": "account"}}, {"model": "contenttypes.contenttype", "pk": 8, "fields": {"app_label": "products", "model": "product"}}, {"model": "contenttypes.contenttype", "pk": 9, "fields": {"app_label": "carts", "model": "cartitem"}}, {"model": "contenttypes.contenttype", "pk": 10, "fields": {"app_label": "carts", "model": "cart"}}, {"model": "contenttypes.contenttype", "pk": 11, "fields": {"app_label": "products", "model": "variation"}}, {"model": "contenttypes.contenttype", "pk": 12, "fields": {"app_label": "orders", "model": "payment"}}, {"model": "contenttypes.contenttype", "pk": 13, "fields": {"app_label": "orders", "model": "order"}}, {"model": "contenttypes.contenttype", "pk": 14, "fields": {"app_label": "orders", "model": "orderproduct"}}, {"model": "contenttypes.contenttype", "pk": 15, "fields": {"app_label": "products", "model": "reviewrating"}}, {"model": "contenttypes.contenttype", "pk": 16, "fields": {"app_label": "accounts", "model": "userprofile"}}, {"model": "contenttypes.contenttype", "pk": 17, "fields": {"app_label": "products", "model": "productgallery"}}, {"model": "contenttypes.contenttype", "pk": 18, "fields": {"app_label": "admin_honeypot", "model": "loginattempt"}}, {"model": "sessions.session", "pk": "0b1vd7tk1bsqvmi51p4dhzwyx5a2w90z", "fields": {"session_data": ".eJxVjDEOwjAMRe-SGUW1AyJhZOcMkR3HpIASqWmnirtDpQ6w_vfeX02kZS5x6XmKo5iLAXP43ZjSM9cNyIPqvdnU6jyNbDfF7rTbW5P8uu7u30GhXr61V1IHxyABRNWHnP1ZPCEGYkaGgOiGIF41EyeHMoAjAUXGkwKCeX8AA704iQ:1mAvxF:Ei2qm2jgJnCNmsDZ0Kt1rxycH_OV70TbNh6QZIfa6p0", "expire_date": "2021-08-17T15:03:41.730Z"}}, {"model": "sessions.session", "pk": "5ghk6hxz3zam6q88zavudq1rs1mwizfo", "fields": {"session_data": ".eJxVjDEOwjAMRe-SGUW1AyJhZOcMkR3HpIASqWmnirtDpQ6w_vfeX02kZS5x6XmKo5iLAXP43ZjSM9cNyIPqvdnU6jyNbDfF7rTbW5P8uu7u30GhXr61V1IHxyABRNWHnP1ZPCEGYkaGgOiGIF41EyeHMoAjAUXGkwKCeX8AA704iQ:1mBC6T:pHXbWioJ5eT7MXInr9fp0jkZAw2w89nVNAs77LYYyrs", "expire_date": "2021-08-18T08:18:17.258Z"}}, {"model": "sessions.session", "pk": "8athbm391exq5faytetomutei1fe1i5v", "fields": {"session_data": ".eJxVjEEOwiAQRe_C2hBaYACX7j0DGZhBqoYmpV0Z765NutDtf-_9l4i4rTVunZc4kTgLrcXpd0yYH9x2Qndst1nmua3LlOSuyIN2eZ2Jn5fD_Tuo2Ou3Hq01xhvDRBgS-1IMZO-tQweQHSZOCtBZpRnAKQYyxRcMA_kwBj2I9wcMkjf9:1mBZzu:CytozRtsP28JibFW1gy83_e6oWLLBk_J77uBn6wC-iQ", "expire_date": "2021-08-19T09:49:06.363Z"}}, {"model": "sessions.session", "pk": "8xqgsr4m4riahfwu983ztuwybqxygxw5", "fields": {"session_data": "e30:1mHkKW:oiuZNqOloOSB9bcvmwM0F10y4tMW7KaM2rYz6GV6BXQ", "expire_date": "2021-09-05T10:03:52.935Z"}}, {"model": "sessions.session", "pk": "9z2aluy4ttgj8obnu0knmqx9kkka0w2s", "fields": {"session_data": "e30:1mBI0x:CW06K8-HENuJwFdJo9WY7kJwbgLI2aa4HpTStfy-ib8", "expire_date": "2021-08-18T14:36:59.859Z"}}, {"model": "sessions.session", "pk": "ab98e688keb2m7vjq8cxjtta6hjzas2w", "fields": {"session_data": "e30:1mBgve:fylmUCpStM9COxuRlf0Kgu1GTQFYEqv0JpTQ0WB0PKI", "expire_date": "2021-08-19T17:13:10.481Z"}}, {"model": "sessions.session", "pk": "b8k67pcyu2gb6iaery80rfbnsbjdivim", "fields": {"session_data": "e30:1m9peA:HXR-1jXocyQrbubhLwFCgsvhkT_8EWxkHSEZgOMsu8o", "expire_date": "2021-08-14T14:07:26.297Z"}}, {"model": "sessions.session", "pk": "c5p1ig2hfnksk0vytfnpchdvyglvwdir", "fields": {"session_data": ".eJxVjDEOwjAMRe-SGUW1AyJhZOcMkR3HpIASqWmnirtDpQ6w_vfeX02kZS5x6XmKo5iLAXP43ZjSM9cNyIPqvdnU6jyNbDfF7rTbW5P8uu7u30GhXr61V1IHxyABRNWHnP1ZPCEGYkaGgOiGIF41EyeHMoAjAUXGkwKCeX8AA704iQ:1m5T9w:OcXyeG2AEtmA0xgGqLfJ92Jxel1CaNkVpCp1vjE6R7o", "expire_date": "2021-08-02T13:18:12.469Z"}}, {"model": "sessions.session", "pk": "cmcfihn6s9u2a3bgkejql9au1sogtlzs", "fields": {"session_data": ".eJxVjDEOwjAMRe-SGUW1AyJhZOcMkR3HpIASqWmnirtDpQ6w_vfeX02kZS5x6XmKo5iLAXP43ZjSM9cNyIPqvdnU6jyNbDfF7rTbW5P8uu7u30GhXr61V1IHxyABRNWHnP1ZPCEGYkaGgOiGIF41EyeHMoAjAUXGkwKCeX8AA704iQ:1m7ym5:xT7TbFf8VKwWRYhwIfNE9D13cyJBxBTmDrWGqmFDk3E", "expire_date": "2021-08-09T11:27:57.340Z"}}, {"model": "sessions.session", "pk": "dnftedyktvdxz0f23id9s54rqa4nxf8w", "fields": {"session_data": "e30:1mFyxd:9EVgO3_HIeyz0uZLXpMbpA_Kd5O3dt3lCT8gxaYdbFg", "expire_date": "2021-08-31T13:16:57.309Z"}}, {"model": "sessions.session", "pk": "eg90mmssb965s4abgtyv7i5txozxwcdx", "fields": {"session_data": ".eJxVjDEOwjAMRe-SGUW1AyJhZOcMkR3HpIASqWmnirtDpQ6w_vfeX02kZS5x6XmKo5iLAXP43ZjSM9cNyIPqvdnU6jyNbDfF7rTbW5P8uu7u30GhXr61V1IHxyABRNWHnP1ZPCEGYkaGgOiGIF41EyeHMoAjAUXGkwKCeX8AA704iQ:1m9TT2:E1awjCkzx61bdMftymSpmpKqAghSXLaR1o4qfYDU4AI", "expire_date": "2021-08-13T14:26:28.988Z"}}, {"model": "sessions.session", "pk": "g18o6jtiur5lzegzx5ghtqe37nbs227b", "fields": {"session_data": "e30:1m9n2g:cxQwBkyFMQplTrcMdl14YeQAhXiuir1hJgaB5i92DnY", "expire_date": "2021-08-14T11:20:34.747Z"}}, {"model": "sessions.session", "pk": "i6nhygpnb5lw5wqtyd0fyj6bnttnsk6p", "fields": {"session_data": "e30:1m9pSU:ydEsxfR9_TsHj8KyXChgNsBe4KVxJ5Ut6Nis2ijNxGY", "expire_date": "2021-08-14T13:55:22.754Z"}}, {"model": "sessions.session", "pk": "jp7jtt6h61afkdhtmh9vu6tameou4rzn", "fields": {"session_data": "e30:1m9pbM:RcuZoJ1IDUK6uoKRxUYZlelxkbMgZkahm2c4ycSgdUM", "expire_date": "2021-08-14T14:04:32.266Z"}}, {"model": "sessions.session", "pk": "jwhdw0ddw8zjgrv72xxnhjd2h0hv0rq0", "fields": {"session_data": ".eJxVjDEOwjAMRe-SGUW1AyJhZOcMkR3HpIASqWmnirtDpQ6w_vfeX02kZS5x6XmKo5iLAXP43ZjSM9cNyIPqvdnU6jyNbDfF7rTbW5P8uu7u30GhXr61V1IHxyABRNWHnP1ZPCEGYkaGgOiGIF41EyeHMoAjAUXGkwKCeX8AA704iQ:1mAYF8:ABy-bPuB7tsC_P2HWvVWgL1ZBua3nEa-pQ-MlygYK-Y", "expire_date": "2021-08-16T13:44:34.364Z"}}, {"model": "sessions.session", "pk": "k3f51uwv7rk5otb0p2d3w1btytxu5goh", "fields": {"session_data": ".eJxVjDEOwjAMRe-SGUW1AyJhZOcMkR3HpIASqWmnirtDpQ6w_vfeX02kZS5x6XmKo5iLAXP43ZjSM9cNyIPqvdnU6jyNbDfF7rTbW5P8uu7u30GhXr61V1IHxyABRNWHnP1ZPCEGYkaGgOiGIF41EyeHMoAjAUXGkwKCeX8AA704iQ:1mCCp9:vwwyD8NOS3t1EIf7f0bZ4LRA5Vk5QIuJX6HpJzuB_dA", "expire_date": "2021-08-21T03:16:35.080Z"}}, {"model": "sessions.session", "pk": "k6ayciy2b9zxraa38sahwqr5b2oinnhn", "fields": {"session_data": ".eJxVjDEOwjAMRe-SGUW1AyJhZOcMkR3HpIASqWmnirtDpQ6w_vfeX02kZS5x6XmKo5iLAXP43ZjSM9cNyIPqvdnU6jyNbDfF7rTbW5P8uu7u30GhXr61V1IHxyABRNWHnP1ZPCEGYkaGgOiGIF41EyeHMoAjAUXGkwKCeX8AA704iQ:1mH1Me:72j-H-gZHL8tVMJme3GbdYnlrJc1IJl7Bg0ZwtqzsbU", "expire_date": "2021-09-03T10:03:04.200Z"}}, {"model": "sessions.session", "pk": "nqo8rnjtx29cizikwqnwdyoojg28zb01", "fields": {"session_data": ".eJxVjMsOwiAQRf-FtSFDebt07zcQZgCpGkhKuzL-uzbpQrf3nHNfLMRtrWEbeQlzYmcmJTv9jhjpkdtO0j22W-fU27rMyHeFH3Twa0_5eTncv4MaR_3WyhUCXfyUijEwWQdCkECIKqP1GkgIqclJjxm9VSVF4wC1JylFVuDZ-wP0dDdz:1mDSf7:mhhVlu8knwSYI5WY9KCA0iFWcCXwfgvb_RfTWLoqubE", "expire_date": "2021-08-24T14:23:25.770Z"}}, {"model": "sessions.session", "pk": "p3wvg2muze1ckqp5qdxhfli5xnnhyw6r", "fields": {"session_data": "e30:1m8Jm7:dJ8OTxrdaWj1PQEd-QltS6BfVWWLrM3wS4ox0Zf-HIg", "expire_date": "2021-08-10T09:53:23.343Z"}}, {"model": "sessions.session", "pk": "s3ardhxtq7sgvs84g0dy06c6mzk9ij0m", "fields": {"session_data": "e30:1m9pSO:fuo0YQxgFJNI2we7lYFhaC5a_GflOtQWpydepiydWOM", "expire_date": "2021-08-14T13:55:16.602Z"}}, {"model": "sessions.session", "pk": "sl997oio0lyqngtsfbq9bjj5sim8m1fq", "fields": {"session_data": "e30:1mGZHA:xir0UKnMd8NS6iadhNuOst1pYrw0fMa8_kRsSMJaQ5g", "expire_date": "2021-09-02T04:03:32.090Z"}}, {"model": "sessions.session", "pk": "vfka23ybo5piutwd4sg0ifkpt3ajgxqk", "fields": {"session_data": "e30:1mGlYq:yweDOzp9A7xGaZ1F9cqZbKdRde_52uw9Qia-BICD6bE", "expire_date": "2021-09-02T17:10:36.582Z"}}, {"model": "sessions.session", "pk": "wo6zluvqwxxa5oq3yys2b6qbf1teksfk", "fields": {"session_data": ".eJxVjEEOgyAQRe_CuiHOKAouu-8ZyOBApa3QCK6a3r01ceP2v_f-R9jiS4k52ZhitTUuvlRa3laM0KMZTN8NIFE1SoO6CEtbne1W_Goji1GAOG2OpqdPO-AHpXuWU051jU7uijxokbfM_nU93NPBTGX-1zpQaKEzbIBD0MZ7PbAmREPOoQOD2DaGdQie3NQiN9ASQ0CHKgCC-P4AKbJG5w:1mISVr:W63ncdfYkKyoJIoa2jQS6lIGOzHp9mNa7jHZ2CWXMkg", "expire_date": "2021-09-07T09:14:31.266Z"}}, {"model": "sessions.session", "pk": "wpvvzls9yvrwcfbk9uu36stx3nwaccl1", "fields": {"session_data": ".eJxVjDEOwjAMRe-SGUW1AyJhZOcMkR3HpIASqWmnirtDpQ6w_vfeX02kZS5x6XmKo5iLAXP43ZjSM9cNyIPqvdnU6jyNbDfF7rTbW5P8uu7u30GhXr61V1IHxyABRNWHnP1ZPCEGYkaGgOiGIF41EyeHMoAjAUXGkwKCeX8AA704iQ:1mFvo4:y_9NQUwUcS2B4l9r1R_5djqpdhUdYMbu2pnnM_u6z7M", "expire_date": "2021-08-31T09:54:52.693Z"}}, {"model": "sessions.session", "pk": "ymk8j5mu64klo96wabeoigdgfvfq2au3", "fields": {"session_data": ".eJxVjDEOwjAMRe-SGUW1AyJhZOcMkR3HpIASqWmnirtDpQ6w_vfeX02kZS5x6XmKo5iLAXP43ZjSM9cNyIPqvdnU6jyNbDfF7rTbW5P8uu7u30GhXr61V1IHxyABRNWHnP1ZPCEGYkaGgOiGIF41EyeHMoAjAUXGkwKCeX8AA704iQ:1m9BPP:__78mt7_Ju6uTnX3taw0RUSbU7E3IEB5R96-cu_zFdc", "expire_date": "2021-08-12T19:09:31.798Z"}}, {"model": "sessions.session", "pk": "z2gwphuj0v4peowurolim9g68fctgvv6", "fields": {"session_data": ".eJxVjDEOwjAMRe-SGUW1AyJhZOcMkR3HpIASqWmnirtDpQ6w_vfeX02kZS5x6XmKo5iLAXP43ZjSM9cNyIPqvdnU6jyNbDfF7rTbW5P8uu7u30GhXr61V1IHxyABRNWHnP1ZPCEGYkaGgOiGIF41EyeHMoAjAUXGkwKCeX8AA704iQ:1mHkyy:txW-RnGJY3rWvjWIKHF7_1ivpUnyEYwqj2rneYrPX3g", "expire_date": "2021-09-05T10:45:40.411Z"}}, {"model": "sessions.session", "pk": "zenr87rfce3oh2oa0nepi9bfc1tnnone", "fields": {"session_data": "e30:1m8JnL:QV8P5WABN6hpKOf63ZiZs8Np5IBLX_VBF8xnAht5i-4", "expire_date": "2021-08-10T09:54:39.771Z"}}, {"model": "category.category", "pk": 1, "fields": {"category_name": "Shirts", "slug": "shirts", "description": "This are classic shirts and inexpensive", "cat_image": "photos/categories/shirts.jpg"}}, {"model": "category.category", "pk": 2, "fields": {"category_name": "jeans", "slug": "jeans", "description": "new jeans for men. Try it on.", "cat_image": "photos/categories/jeans.jpg"}}, {"model": "category.category", "pk": 3, "fields": {"category_name": "Jacket", "slug": "jacket", "description": "acket for men and women", "cat_image": "photos/categories/jackets.jpg"}}, {"model": "category.category", "pk": 4, "fields": {"category_name": "shoes", "slug": "shoes", "description": "Shoes of all sizes", "cat_image": "photos/categories/shoes.png"}}, {"model": "category.category", "pk": 5, "fields": {"category_name": "t-shirts", "slug": "t-shirts", "description": "T-shirts of all sizes", "cat_image": "photos/categories/tshirts.jpg"}}, {"model": "accounts.account", "pk": 1, "fields": {"password": "pbkdf2_sha256$260000$v9PPF7nOQ1FHS26lfGa634$NVk7VXqvZJ3cIFMCQSrhOYHvV6r70HEeBRf7fRBdtec=", "first_name": "admin", "last_name": "admin", "username": "admin", "email": "admin@gmail.com", "phone_number": "", "date_joined": "2021-07-19T13:17:51.433Z", "last_login": "2021-08-24T09:14:12.899Z", "is_admin": true, "is_staff": true, "is_active": true, "is_superadmin": true}}, {"model": "accounts.account", "pk": 41, "fields": {"password": "pbkdf2_sha256$260000$przQTBokStMmk2bfzqvff7$RKi4E94CwhRh9N1j3eFybnHocL+o7kRuPm06tt+mipU=", "first_name": "Rajesh", "last_name": "Kuhikar", "username": "rajeshkuhikar", "email": "rajeshkuhikar@gmail.com", "phone_number": "12312345", "date_joined": "2021-08-20T10:00:44.899Z", "last_login": "2021-08-20T10:00:44.899Z", "is_admin": false, "is_staff": false, "is_active": false, "is_superadmin": false}}, {"model": "accounts.account", "pk": 42, "fields": {"password": "pbkdf2_sha256$260000$IqMsEFce9QgGbYa485BaiB$bAU8XR2A5ysbv8AUWmP/VBHvktabDp6HHrnNg2bULvg=", "first_name": "vroom", "last_name": "Foundation", "username": "vroom", "email": "vroom@gmail.com", "phone_number": "12312345", "date_joined": "2021-08-20T10:01:46.575Z", "last_login": "2021-08-20T10:01:46.575Z", "is_admin": false, "is_staff": false, "is_active": false, "is_superadmin": false}}, {"model": "accounts.account", "pk": 43, "fields": {"password": "pbkdf2_sha256$260000$G0zA1mmewVrFSbubWatIHK$XP8w2zelmMFQaS9tutCUbkuaVp2MRDItKSkFCnNsA/s=", "first_name": "Malhar", "last_name": "Wari", "username": "mkuhikar", "email": "mkuhikar@gmail.com", "phone_number": "+919284382469", "date_joined": "2021-08-20T10:03:35.658Z", "last_login": "2021-08-22T11:29:51.044Z", "is_admin": false, "is_staff": false, "is_active": true, "is_superadmin": false}}, {"model": "accounts.account", "pk": 44, "fields": {"password": "pbkdf2_sha256$260000$HpSR4gTaB7ojBTYqdnjJ2e$bFdvrKwRjIInuEBaUPwYSqejjTXQ8jmLa0Tbkd58iCA=", "first_name": "hu", "last_name": "ha", "username": "hu", "email": "hu@gail.com", "phone_number": "hua", "date_joined": "2021-08-21T07:32:49.196Z", "last_login": "2021-08-21T07:32:49.196Z", "is_admin": false, "is_staff": false, "is_active": false, "is_superadmin": false}}, {"model": "accounts.account", "pk": 45, "fields": {"password": "pbkdf2_sha256$260000$OkOCgl8Mai5SOM8v9Aen3U$KX375KAldLzPDTxt9ejY1gIdUXZm4+yt7xDbVvo2SjM=", "first_name": "vroom", "last_name": "Foundation", "username": "bithelpfoundation", "email": "bithelpfoundation@gmail.com", "phone_number": "+919284382469", "date_joined": "2021-08-22T10:04:21.201Z", "last_login": "2021-08-22T10:04:21.201Z", "is_admin": false, "is_staff": false, "is_active": false, "is_superadmin": false}}, {"model": "accounts.userprofile", "pk": 2, "fields": {"user": 1, "address_line_1": "", "address_line_2": "", "profile_picture": "userprofile/aa_nvvzN1w.png", "city": "", "state": "", "country": ""}}, {"model": "accounts.userprofile", "pk": 5, "fields": {"user": 42, "address_line_1": "", "address_line_2": "", "profile_picture": "userprofile/aa.png", "city": "", "state": "", "country": ""}}, {"model": "accounts.userprofile", "pk": 6, "fields": {"user": 43, "address_line_1": "Jyachya", "address_line_2": "", "profile_picture": "userprofile/aa_vsslSzK.png", "city": "Wanshi", "state": "Tysi", "country": "Mahneapule"}}, {"model": "accounts.userprofile", "pk": 7, "fields": {"user": 44, "address_line_1": "", "address_line_2": "", "profile_picture": "userprofile/aa.png", "city": "", "state": "", "country": ""}}, {"model": "accounts.userprofile", "pk": 8, "fields": {"user": 45, "address_line_1": "", "address_line_2": "", "profile_picture": "userprofile/aa.png", "city": "", "state": "", "country": ""}}, {"model": "products.product", "pk": 1, "fields": {"product_name": "ATX Jeans", "slug": "atx-jeans", "price": 800, "description": "Jeans for men", "stock": 85, "image": "products/images/ATX-Jeans.jpg", "category": 2, "is_available": true, "created_date": "2021-07-22T08:59:18.093Z", "modified_date": "2021-08-21T09:35:36.881Z"}}, {"model": "products.product", "pk": 2, "fields": {"product_name": "Blue Shirt", "slug": "blue-shirt", "price": 660, "description": "Shirt for men", "stock": 120, "image": "products/images/Blue-Shirt.jpg", "category": 1, "is_available": true, "created_date": "2021-07-22T08:59:45.228Z", "modified_date": "2021-07-22T08:59:45.228Z"}}, {"model": "products.product", "pk": 3, "fields": {"product_name": "Great T-shirt", "slug": "great-t-shirt", "price": 300, "description": "Fancy shirts for men", "stock": 37, "image": "products/images/Great-Tshirt.jpg", "category": 5, "is_available": true, "created_date": "2021-07-22T09:00:38.192Z", "modified_date": "2021-08-17T10:31:54.746Z"}}, {"model": "products.product", "pk": 4, "fields": {"product_name": "Tight jeans", "slug": "tight-jeans", "price": 820, "description": "Jeans for girls", "stock": 29, "image": "products/images/image1.jpg", "category": 2, "is_available": true, "created_date": "2021-07-22T09:01:24.349Z", "modified_date": "2021-08-11T10:58:02.992Z"}}, {"model": "products.product", "pk": 5, "fields": {"product_name": "Right fit", "slug": "right-fit", "price": 1200, "description": "Jeans for men", "stock": 800, "image": "products/images/image13.jpg", "category": 2, "is_available": true, "created_date": "2021-07-22T09:02:18.278Z", "modified_date": "2021-07-22T09:02:18.278Z"}}, {"model": "products.product", "pk": 6, "fields": {"product_name": "Basketball shoes", "slug": "basketball-shoes", "price": 3000, "description": "Shoes for basketball players", "stock": 22, "image": "products/images/jordan-true-flight-basketball-shoes.jpg", "category": 4, "is_available": true, "created_date": "2021-07-22T09:02:49.005Z", "modified_date": "2021-08-11T10:59:42.493Z"}}, {"model": "products.product", "pk": 7, "fields": {"product_name": "Jacket Polo", "slug": "jacket-polo", "price": 2500, "description": "Jackets for men", "stock": 0, "image": "products/images/US-Polo-Assn_Jacket.jpg", "category": 3, "is_available": true, "created_date": "2021-07-22T09:03:20.512Z", "modified_date": "2021-07-22T16:34:15.941Z"}}, {"model": "products.product", "pk": 8, "fields": {"product_name": "Puma Ferrari Shoes", "slug": "puma-ferrari-shoes", "price": 3500, "description": "Puma ferrari shoes for all men and women. Limited stocks", "stock": 10, "image": "products/images/Puma-Ferrari-Shoes.jpg", "category": 4, "is_available": true, "created_date": "2021-07-22T09:04:03.379Z", "modified_date": "2021-08-21T10:59:01.316Z"}}, {"model": "products.variation", "pk": 1, "fields": {"product": 1, "variation_category": "color", "variation_value": "Red", "is_active": true, "created_at": "2021-07-30T09:27:16.866Z"}}, {"model": "products.variation", "pk": 2, "fields": {"product": 1, "variation_category": "color", "variation_value": "Blue", "is_active": true, "created_at": "2021-07-30T09:27:43.444Z"}}, {"model": "products.variation", "pk": 3, "fields": {"product": 3, "variation_category": "color", "variation_value": "Pink", "is_active": true, "created_at": "2021-07-30T11:02:33.675Z"}}, {"model": "products.variation", "pk": 4, "fields": {"product": 3, "variation_category": "color", "variation_value": "White", "is_active": true, "created_at": "2021-07-30T11:02:42.967Z"}}, {"model": "products.variation", "pk": 5, "fields": {"product": 3, "variation_category": "color", "variation_value": "Black", "is_active": true, "created_at": "2021-07-30T11:02:51.930Z"}}, {"model": "products.variation", "pk": 6, "fields": {"product": 3, "variation_category": "size", "variation_value": "Small", "is_active": true, "created_at": "2021-07-30T11:02:59.506Z"}}, {"model": "products.variation", "pk": 7, "fields": {"product": 3, "variation_category": "size", "variation_value": "Extra Large", "is_active": true, "created_at": "2021-07-30T11:03:08.980Z"}}, {"model": "products.variation", "pk": 8, "fields": {"product": 1, "variation_category": "color", "variation_value": "Cream", "is_active": true, "created_at": "2021-07-30T16:11:51.888Z"}}, {"model": "products.variation", "pk": 9, "fields": {"product": 1, "variation_category": "size", "variation_value": "XXL", "is_active": true, "created_at": "2021-07-30T16:12:00.322Z"}}, {"model": "products.variation", "pk": 10, "fields": {"product": 1, "variation_category": "size", "variation_value": "Short", "is_active": true, "created_at": "2021-07-30T16:12:08.305Z"}}, {"model": "products.variation", "pk": 11, "fields": {"product": 4, "variation_category": "color", "variation_value": "Blue", "is_active": true, "created_at": "2021-08-02T13:44:50.444Z"}}, {"model": "products.variation", "pk": 12, "fields": {"product": 4, "variation_category": "color", "variation_value": "Cream", "is_active": true, "created_at": "2021-08-02T13:45:00.581Z"}}, {"model": "products.variation", "pk": 13, "fields": {"product": 4, "variation_category": "color", "variation_value": "Black", "is_active": true, "created_at": "2021-08-02T13:45:17.611Z"}}, {"model": "products.variation", "pk": 14, "fields": {"product": 4, "variation_category": "size", "variation_value": "Small", "is_active": true, "created_at": "2021-08-02T13:45:25.206Z"}}, {"model": "products.variation", "pk": 15, "fields": {"product": 4, "variation_category": "size", "variation_value": "Medium", "is_active": true, "created_at": "2021-08-02T13:45:32.668Z"}}, {"model": "products.variation", "pk": 16, "fields": {"product": 4, "variation_category": "size", "variation_value": "Large", "is_active": true, "created_at": "2021-08-02T13:45:41.421Z"}}, {"model": "products.variation", "pk": 17, "fields": {"product": 4, "variation_category": "size", "variation_value": "XXL", "is_active": true, "created_at": "2021-08-02T13:45:48.519Z"}}, {"model": "products.variation", "pk": 18, "fields": {"product": 6, "variation_category": "color", "variation_value": "Brown", "is_active": true, "created_at": "2021-08-10T14:31:56.655Z"}}, {"model": "products.variation", "pk": 19, "fields": {"product": 6, "variation_category": "color", "variation_value": "White", "is_active": true, "created_at": "2021-08-10T14:32:03.765Z"}}, {"model": "products.variation", "pk": 20, "fields": {"product": 6, "variation_category": "color", "variation_value": "Black", "is_active": true, "created_at": "2021-08-10T14:32:11.652Z"}}, {"model": "products.variation", "pk": 21, "fields": {"product": 6, "variation_category": "size", "variation_value": "7", "is_active": true, "created_at": "2021-08-10T14:32:19.221Z"}}, {"model": "products.variation", "pk": 22, "fields": {"product": 6, "variation_category": "size", "variation_value": "8", "is_active": true, "created_at": "2021-08-10T14:32:25.958Z"}}, {"model": "products.variation", "pk": 23, "fields": {"product": 6, "variation_category": "size", "variation_value": "9", "is_active": true, "created_at": "2021-08-10T14:32:32.282Z"}}, {"model": "products.variation", "pk": 24, "fields": {"product": 6, "variation_category": "size", "variation_value": "10", "is_active": true, "created_at": "2021-08-10T14:32:39.359Z"}}, {"model": "products.reviewrating", "pk": 5, "fields": {"product": 1, "user": 1, "subject": "bakwas firse", "review": "haha", "rating": 4.5, "ip": "127.0.0.1", "status": true, "created_at": "2021-08-18T07:09:01.953Z", "updated_at": "2021-08-19T03:50:43.690Z"}}, {"model": "products.productgallery", "pk": 1, "fields": {"product": 8, "image": "products/images/Center.png"}}, {"model": "products.productgallery", "pk": 2, "fields": {"product": 8, "image": "products/images/compimage3.jpg"}}, {"model": "carts.cart", "pk": 1, "fields": {"cart_id": "zenr87rfce3oh2oa0nepi9bfc1tnnone", "date_added": "2021-07-27"}}, {"model": "carts.cart", "pk": 2, "fields": {"cart_id": "ymk8j5mu64klo96wabeoigdgfvfq2au3", "date_added": "2021-07-30"}}, {"model": "carts.cart", "pk": 3, "fields": {"cart_id": "g18o6jtiur5lzegzx5ghtqe37nbs227b", "date_added": "2021-07-31"}}, {"model": "carts.cart", "pk": 4, "fields": {"cart_id": "i6nhygpnb5lw5wqtyd0fyj6bnttnsk6p", "date_added": "2021-07-31"}}, {"model": "carts.cart", "pk": 5, "fields": {"cart_id": "jp7jtt6h61afkdhtmh9vu6tameou4rzn", "date_added": "2021-07-31"}}, {"model": "carts.cart", "pk": 6, "fields": {"cart_id": "b8k67pcyu2gb6iaery80rfbnsbjdivim", "date_added": "2021-07-31"}}, {"model": "carts.cart", "pk": 7, "fields": {"cart_id": "la4db0erxt3oqzufp4t9471shlwes1xc", "date_added": "2021-08-02"}}, {"model": "carts.cart", "pk": 8, "fields": {"cart_id": "jwhdw0ddw8zjgrv72xxnhjd2h0hv0rq0", "date_added": "2021-08-02"}}, {"model": "carts.cart", "pk": 9, "fields": {"cart_id": "fekrz7n5vflk29sxsaqene70ynzcz5ac", "date_added": "2021-08-07"}}, {"model": "carts.cart", "pk": 10, "fields": {"cart_id": "f28zopguylbz8alt8d4vvv3oecl03huf", "date_added": "2021-08-07"}}, {"model": "carts.cart", "pk": 11, "fields": {"cart_id": "a3grwy0c03wxgfronxmo7l2zkxkwx8te", "date_added": "2021-08-07"}}, {"model": "carts.cart", "pk": 12, "fields": {"cart_id": "um6fzfcx1lpj04flgr5cqnlntu7jgg7b", "date_added": "2021-08-07"}}, {"model": "carts.cart", "pk": 13, "fields": {"cart_id": "qa7rm4gvzab5u1fs045l0zpjwptk2xdg", "date_added": "2021-08-07"}}, {"model": "carts.cart", "pk": 14, "fields": {"cart_id": "pnlkz5qm02tnpebg6ns3z2liqgefck14", "date_added": "2021-08-07"}}, {"model": "carts.cart", "pk": 15, "fields": {"cart_id": "6hoxgpsnc4h1wy9rtxug40ugffnpb9rx", "date_added": "2021-08-07"}}, {"model": "carts.cart", "pk": 16, "fields": {"cart_id": "vx8rdu7fnaxy5caxepf94e6vmilrau5w", "date_added": "2021-08-07"}}, {"model": "carts.cart", "pk": 17, "fields": {"cart_id": "cjeksnu5u1p5eo0210egt37ztm33zknz", "date_added": "2021-08-07"}}, {"model": "carts.cart", "pk": 18, "fields": {"cart_id": "swc48eu1a5ixvl2eh68rq769gcpdypvk", "date_added": "2021-08-07"}}, {"model": "carts.cart", "pk": 19, "fields": {"cart_id": "8v0jtypg9211wx3np5yk3jesylmy8efz", "date_added": "2021-08-07"}}, {"model": "carts.cart", "pk": 20, "fields": {"cart_id": "zfcxlpw0w3tqrdkwjqywqeylqm9wiywg", "date_added": "2021-08-07"}}, {"model": "carts.cart", "pk": 21, "fields": {"cart_id": "i6d9rdgwti9a36f40vj4rsyqbvs3xy4u", "date_added": "2021-08-07"}}, {"model": "carts.cart", "pk": 22, "fields": {"cart_id": "jyld22a8gbfqnp0yoq4opm4l1foxoohu", "date_added": "2021-08-07"}}, {"model": "carts.cart", "pk": 23, "fields": {"cart_id": "9appdogijp3tiv430zhjfvp601gs3jf6", "date_added": "2021-08-07"}}, {"model": "carts.cart", "pk": 24, "fields": {"cart_id": "wap09aou4iegh4925oh7vgu7rzkggacd", "date_added": "2021-08-07"}}, {"model": "carts.cart", "pk": 25, "fields": {"cart_id": "y4rsnu2tewtnsm2q7t2cjubc9alt3xc5", "date_added": "2021-08-07"}}, {"model": "carts.cart", "pk": 26, "fields": {"cart_id": "x84rt4x135hoastws0hpan1kt0z375oo", "date_added": "2021-08-07"}}, {"model": "carts.cart", "pk": 27, "fields": {"cart_id": "sim492mcgin1jmjna7tv9yl55km9gw8d", "date_added": "2021-08-07"}}, {"model": "carts.cart", "pk": 28, "fields": {"cart_id": "gt783j7vlstuonsmdgbysyli3zwd8952", "date_added": "2021-08-07"}}, {"model": "carts.cart", "pk": 29, "fields": {"cart_id": "bsf7jqta7vhvbwkyexwpv5m217vkkltn", "date_added": "2021-08-21"}}, {"model": "carts.cartitem", "pk": 73, "fields": {"user": null, "product": 3, "cart": 25, "quantity": 1, "is_active": true, "variation": [4, 6]}}, {"model": "carts.cartitem", "pk": 75, "fields": {"user": null, "product": 1, "cart": 26, "quantity": 1, "is_active": true, "variation": [1, 9]}}, {"model": "orders.payment", "pk": 1, "fields": {"user": 1, "payment_id": "1D834323DG1150442", "payment_method": "PayPal", "amount_paid": "336.0", "status": "COMPLETED", "created_at": "2021-08-10T10:11:56.490Z"}}, {"model": "orders.payment", "pk": 3, "fields": {"user": 1, "payment_id": "0GB83935RH661940Y", "payment_method": "PayPal", "amount_paid": "336.0", "status": "COMPLETED", "created_at": "2021-08-10T10:33:54.180Z"}}, {"model": "orders.payment", "pk": 21, "fields": {"user": 1, "payment_id": "8S8032094A043510T", "payment_method": "PayPal", "amount_paid": "918.4", "status": "COMPLETED", "created_at": "2021-08-11T07:08:10.968Z"}}, {"model": "orders.payment", "pk": 22, "fields": {"user": 1, "payment_id": "2B955388EU6463415", "payment_method": "PayPal", "amount_paid": "918.4", "status": "COMPLETED", "created_at": "2021-08-11T07:10:43.378Z"}}, {"model": "orders.payment", "pk": 23, "fields": {"user": 1, "payment_id": "4EF10642C62398111", "payment_method": "PayPal", "amount_paid": "6720.0", "status": "COMPLETED", "created_at": "2021-08-11T08:07:20.817Z"}}, {"model": "orders.payment", "pk": 24, "fields": {"user": 1, "payment_id": "2CE5918773804381W", "payment_method": "PayPal", "amount_paid": "6720.0", "status": "COMPLETED", "created_at": "2021-08-11T08:11:38.189Z"}}, {"model": "orders.payment", "pk": 34, "fields": {"user": 1, "payment_id": "5KP776328C296030S", "payment_method": "PayPal", "amount_paid": "3360.0", "status": "COMPLETED", "created_at": "2021-08-11T10:59:42.451Z"}}, {"model": "orders.payment", "pk": 41, "fields": {"user": 1, "payment_id": "11848320YH355262E", "payment_method": "PayPal", "amount_paid": "336.0", "status": "COMPLETED", "created_at": "2021-08-11T11:52:25.680Z"}}, {"model": "orders.payment", "pk": 46, "fields": {"user": 1, "payment_id": "53413791J77959112", "payment_method": "PayPal", "amount_paid": "1232.0", "status": "COMPLETED", "created_at": "2021-08-17T10:31:54.639Z"}}, {"model": "orders.payment", "pk": 47, "fields": {"user": 1, "payment_id": "16306289XC875925M", "payment_method": "PayPal", "amount_paid": "896.0", "status": "COMPLETED", "created_at": "2021-08-18T07:08:34.763Z"}}, {"model": "orders.payment", "pk": 49, "fields": {"user": 43, "payment_id": "2FE772439F384314G", "payment_method": "PayPal", "amount_paid": "2688.0", "status": "COMPLETED", "created_at": "2021-08-21T09:35:36.561Z"}}, {"model": "orders.order", "pk": 1, "fields": {"user": 1, "payment": null, "order_number": "", "first_name": "BitHelp", "last_name": "Foundation", "phone": "9284382469", "email": "contact@bithelpfoundation.org", "address_line_1": "Bhsari", "address_line_2": "MIDC", "country": "India", "state": "MH", "city": "Pune", "order_note": "", "order_total": 896.0, "tax": 96.0, "status": "new", "ip": "127.0.0.1", "is_ordered": false, "created_at": "2021-08-09T11:40:23.249Z", "updated_at": "2021-08-09T11:40:23.278Z"}}, {"model": "orders.order", "pk": 2, "fields": {"user": 1, "payment": null, "order_number": "", "first_name": "Work", "last_name": "Horse", "phone": "9284382469", "email": "contact@bithelpfoundation.org", "address_line_1": "Pimpri", "address_line_2": "MIDC", "country": "Bermuda", "state": "MH", "city": "Pune", "order_note": "", "order_total": 896.0, "tax": 96.0, "status": "new", "ip": "127.0.0.1", "is_ordered": false, "created_at": "2021-08-09T11:46:38.459Z", "updated_at": "2021-08-09T11:46:38.464Z"}}, {"model": "orders.order", "pk": 3, "fields": {"user": 1, "payment": null, "order_number": "", "first_name": "Dreke", "last_name": "Horse", "phone": "9284382469", "email": "contact@bithelpfoundation.org", "address_line_1": "Pimpri", "address_line_2": "MIDC", "country": "Bermuda", "state": "MH", "city": "Pune", "order_note": "", "order_total": 896.0, "tax": 96.0, "status": "new", "ip": "127.0.0.1", "is_ordered": false, "created_at": "2021-08-09T11:47:53.735Z", "updated_at": "2021-08-09T11:47:53.739Z"}}, {"model": "orders.order", "pk": 4, "fields": {"user": 1, "payment": null, "order_number": "", "first_name": "Hindi", "last_name": "Horse", "phone": "9284382469", "email": "contact@bithelpfoundation.org", "address_line_1": "Pimpri", "address_line_2": "MIDC", "country": "Bermuda", "state": "MH", "city": "Pune", "order_note": "", "order_total": 896.0, "tax": 96.0, "status": "new", "ip": "127.0.0.1", "is_ordered": false, "created_at": "2021-08-09T11:50:22.149Z", "updated_at": "2021-08-09T11:50:22.154Z"}}, {"model": "orders.order", "pk": 5, "fields": {"user": 1, "payment": null, "order_number": "202108095", "first_name": "BitHelporigin", "last_name": "Foundation", "phone": "9284382469", "email": "contact@bithelpfoundation.org", "address_line_1": "Pimpri", "address_line_2": "MIDC", "country": "France", "state": "MH", "city": "Pune", "order_note": "", "order_total": 896.0, "tax": 96.0, "status": "new", "ip": "127.0.0.1", "is_ordered": false, "created_at": "2021-08-09T11:52:31.053Z", "updated_at": "2021-08-09T11:52:31.058Z"}}, {"model": "orders.order", "pk": 6, "fields": {"user": 1, "payment": null, "order_number": "202108096", "first_name": "BitHelp", "last_name": "Foundation", "phone": "+919284382469", "email": "contact@bithelpfoundation.org", "address_line_1": "Bhsari", "address_line_2": "MIDC", "country": "India", "state": "MH", "city": "Pune", "order_note": "", "order_total": 896.0, "tax": 96.0, "status": "new", "ip": "127.0.0.1", "is_ordered": false, "created_at": "2021-08-09T13:03:43.665Z", "updated_at": "2021-08-09T13:03:43.673Z"}}, {"model": "orders.order", "pk": 7, "fields": {"user": 1, "payment": null, "order_number": "202108097", "first_name": "BitHelp", "last_name": "Foundation", "phone": "+919284382469", "email": "contact@bithelpfoundation.org", "address_line_1": "Bhsari", "address_line_2": "MIDC", "country": "India", "state": "MH", "city": "Pune", "order_note": "", "order_total": 896.0, "tax": 96.0, "status": "new", "ip": "127.0.0.1", "is_ordered": false, "created_at": "2021-08-09T13:52:46.880Z", "updated_at": "2021-08-09T13:52:46.888Z"}}, {"model": "orders.order", "pk": 8, "fields": {"user": 1, "payment": null, "order_number": "202108098", "first_name": "BitHelp", "last_name": "Foundation", "phone": "+919284382469", "email": "contact@bithelpfoundation.org", "address_line_1": "Bhsari", "address_line_2": "MIDC", "country": "India", "state": "MH", "city": "Pune", "order_note": "", "order_total": 896.0, "tax": 96.0, "status": "new", "ip": "127.0.0.1", "is_ordered": false, "created_at": "2021-08-09T13:53:08.503Z", "updated_at": "2021-08-09T13:53:08.511Z"}}, {"model": "orders.order", "pk": 9, "fields": {"user": 1, "payment": null, "order_number": "202108099", "first_name": "BitHelp", "last_name": "Foundation", "phone": "+919284382469", "email": "contact@bithelpfoundation.org", "address_line_1": "Bhsari", "address_line_2": "MIDC", "country": "India", "state": "MH", "city": "Pune", "order_note": "", "order_total": 896.0, "tax": 96.0, "status": "new", "ip": "127.0.0.1", "is_ordered": false, "created_at": "2021-08-09T13:59:02.793Z", "updated_at": "2021-08-09T13:59:02.801Z"}}, {"model": "orders.order", "pk": 10, "fields": {"user": 1, "payment": null, "order_number": "2021080910", "first_name": "BitHelp", "last_name": "Foundation", "phone": "+919284382469", "email": "contact@bithelpfoundation.org", "address_line_1": "Bhsari", "address_line_2": "MIDC", "country": "India", "state": "MH", "city": "Pune", "order_note": "", "order_total": 896.0, "tax": 96.0, "status": "new", "ip": "127.0.0.1", "is_ordered": false, "created_at": "2021-08-09T14:02:11.737Z", "updated_at": "2021-08-09T14:02:11.745Z"}}, {"model": "orders.order", "pk": 11, "fields": {"user": 1, "payment": null, "order_number": "2021080911", "first_name": "BitHelp", "last_name": "Foundation", "phone": "+919284382469", "email": "contact@bithelpfoundation.org", "address_line_1": "Bhsari", "address_line_2": "MIDC", "country": "India", "state": "MH", "city": "Pune", "order_note": "", "order_total": 896.0, "tax": 96.0, "status": "new", "ip": "127.0.0.1", "is_ordered": false, "created_at": "2021-08-09T14:07:18.704Z", "updated_at": "2021-08-09T14:07:18.711Z"}}, {"model": "orders.order", "pk": 12, "fields": {"user": 1, "payment": null, "order_number": "2021080912", "first_name": "BitHelp", "last_name": "Foundation", "phone": "+919284382469", "email": "contact@bithelpfoundation.org", "address_line_1": "Bhsari", "address_line_2": "MIDC", "country": "India", "state": "MH", "city": "Pune", "order_note": "", "order_total": 896.0, "tax": 96.0, "status": "new", "ip": "127.0.0.1", "is_ordered": false, "created_at": "2021-08-09T14:07:54.727Z", "updated_at": "2021-08-09T14:07:54.732Z"}}, {"model": "orders.order", "pk": 13, "fields": {"user": 1, "payment": null, "order_number": "2021081013", "first_name": "BitHelp", "last_name": "Foundation", "phone": "+919284382469", "email": "contact@bithelpfoundation.org", "address_line_1": "J-83, MIDC, Bhosari", "address_line_2": "Pimpri Chinchwad", "country": "India", "state": "MH", "city": "Pune", "order_note": "", "order_total": 896.0, "tax": 96.0, "status": "new", "ip": "127.0.0.1", "is_ordered": false, "created_at": "2021-08-10T06:47:10.427Z", "updated_at": "2021-08-10T06:47:10.433Z"}}, {"model": "orders.order", "pk": 14, "fields": {"user": 1, "payment": null, "order_number": "2021081014", "first_name": "BitHelp", "last_name": "Foundation", "phone": "+919284382469", "email": "contact@bithelpfoundation.org", "address_line_1": "J-83, MIDC, Bhosari", "address_line_2": "Pimpri Chinchwad", "country": "India", "state": "MH", "city": "Pune", "order_note": "", "order_total": 896.0, "tax": 96.0, "status": "new", "ip": "127.0.0.1", "is_ordered": false, "created_at": "2021-08-10T06:52:46.420Z", "updated_at": "2021-08-10T06:52:46.424Z"}}, {"model": "orders.order", "pk": 15, "fields": {"user": 1, "payment": null, "order_number": "2021081015", "first_name": "BitHelp", "last_name": "Foundation", "phone": "+919284382469", "email": "contact@bithelpfoundation.org", "address_line_1": "J-83, MIDC, Bhosari", "address_line_2": "Pimpri Chinchwad", "country": "India", "state": "MH", "city": "Pune", "order_note": "", "order_total": 896.0, "tax": 96.0, "status": "new", "ip": "127.0.0.1", "is_ordered": false, "created_at": "2021-08-10T07:10:23.065Z", "updated_at": "2021-08-10T07:10:23.072Z"}}, {"model": "orders.order", "pk": 16, "fields": {"user": null, "payment": null, "order_number": "2021081016", "first_name": "BitHelp", "last_name": "Foundation", "phone": "+919284382469", "email": "contact@bithelpfoundation.org", "address_line_1": "Bhsari", "address_line_2": "MIDC", "country": "India", "state": "MH", "city": "Pune", "order_note": "", "order_total": 336.0, "tax": 36.0, "status": "new", "ip": "127.0.0.1", "is_ordered": false, "created_at": "2021-08-10T07:26:39.050Z", "updated_at": "2021-08-10T07:26:39.055Z"}}, {"model": "orders.order", "pk": 17, "fields": {"user": null, "payment": null, "order_number": "2021081017", "first_name": "BitHelp", "last_name": "Foundation", "phone": "+919284382469", "email": "contact@bithelpfoundation.org", "address_line_1": "Bhsari", "address_line_2": "MIDC", "country": "India", "state": "MH", "city": "Pune", "order_note": "", "order_total": 336.0, "tax": 36.0, "status": "new", "ip": "127.0.0.1", "is_ordered": false, "created_at": "2021-08-10T07:34:13.528Z", "updated_at": "2021-08-10T07:34:13.533Z"}}, {"model": "orders.order", "pk": 18, "fields": {"user": null, "payment": null, "order_number": "2021081018", "first_name": "BitHelp", "last_name": "Foundation", "phone": "+919284382469", "email": "contact@bithelpfoundation.org", "address_line_1": "Bhsari", "address_line_2": "MIDC", "country": "India", "state": "MH", "city": "Pune", "order_note": "", "order_total": 336.0, "tax": 36.0, "status": "new", "ip": "127.0.0.1", "is_ordered": false, "created_at": "2021-08-10T07:46:49.454Z", "updated_at": "2021-08-10T07:46:49.459Z"}}, {"model": "orders.order", "pk": 19, "fields": {"user": 1, "payment": null, "order_number": "2021081019", "first_name": "BitHelp", "last_name": "Foundation", "phone": "+919284382469", "email": "contact@bithelpfoundation.org", "address_line_1": "J-83, MIDC, Bhosari", "address_line_2": "Pimpri Chinchwad", "country": "India", "state": "MH", "city": "Pune", "order_note": "", "order_total": 896.0, "tax": 96.0, "status": "new", "ip": "127.0.0.1", "is_ordered": false, "created_at": "2021-08-10T08:00:46.004Z", "updated_at": "2021-08-10T08:00:46.012Z"}}, {"model": "orders.order", "pk": 20, "fields": {"user": 1, "payment": null, "order_number": "2021081020", "first_name": "BitHelp", "last_name": "Foundation", "phone": "+919284382469", "email": "contact@bithelpfoundation.org", "address_line_1": "J-83, MIDC, Bhosari", "address_line_2": "Pimpri Chinchwad", "country": "India", "state": "MH", "city": "Pune", "order_note": "", "order_total": 896.0, "tax": 96.0, "status": "new", "ip": "127.0.0.1", "is_ordered": false, "created_at": "2021-08-10T09:26:24.463Z", "updated_at": "2021-08-10T09:26:24.514Z"}}, {"model": "orders.order", "pk": 21, "fields": {"user": 1, "payment": null, "order_number": "2021081021", "first_name": "BitHelp", "last_name": "Foundation", "phone": "+919284382469", "email": "contact@bithelpfoundation.org", "address_line_1": "J-83, MIDC, Bhosari", "address_line_2": "Pimpri Chinchwad", "country": "India", "state": "MH", "city": "Pune", "order_note": "", "order_total": 896.0, "tax": 96.0, "status": "new", "ip": "127.0.0.1", "is_ordered": false, "created_at": "2021-08-10T09:26:38.794Z", "updated_at": "2021-08-10T09:26:38.794Z"}}, {"model": "orders.order", "pk": 22, "fields": {"user": 1, "payment": null, "order_number": "2021081022", "first_name": "BitHelp", "last_name": "Foundation", "phone": "+919284382469", "email": "contact@bithelpfoundation.org", "address_line_1": "J-83, MIDC, Bhosari", "address_line_2": "Pimpri Chinchwad", "country": "India", "state": "MH", "city": "Pune", "order_note": "", "order_total": 896.0, "tax": 96.0, "status": "new", "ip": "127.0.0.1", "is_ordered": false, "created_at": "2021-08-10T09:27:21.562Z", "updated_at": "2021-08-10T09:27:21.562Z"}}, {"model": "orders.order", "pk": 23, "fields": {"user": 1, "payment": null, "order_number": "2021081023", "first_name": "BitHelp", "last_name": "Foundation", "phone": "+919284382469", "email": "contact@bithelpfoundation.org", "address_line_1": "J-83, MIDC, Bhosari", "address_line_2": "Pimpri Chinchwad", "country": "India", "state": "MH", "city": "Pune", "order_note": "", "order_total": 896.0, "tax": 96.0, "status": "new", "ip": "127.0.0.1", "is_ordered": false, "created_at": "2021-08-10T09:27:49.786Z", "updated_at": "2021-08-10T09:27:49.786Z"}}, {"model": "orders.order", "pk": 24, "fields": {"user": null, "payment": null, "order_number": "2021081024", "first_name": "Varum", "last_name": "Foundation", "phone": "+919284382469", "email": "contact@bithelpfoundation.org", "address_line_1": "Bhsari", "address_line_2": "MIDC", "country": "India", "state": "MH", "city": "Pune", "order_note": "", "order_total": 336.0, "tax": 36.0, "status": "new", "ip": "127.0.0.1", "is_ordered": false, "created_at": "2021-08-10T10:06:26.556Z", "updated_at": "2021-08-10T10:06:26.561Z"}}, {"model": "orders.order", "pk": 25, "fields": {"user": 1, "payment": null, "order_number": "2021081025", "first_name": "BitHelp", "last_name": "Foundation", "phone": "+919284382469", "email": "contact@bithelpfoundation.org", "address_line_1": "J-83, MIDC, Bhosari", "address_line_2": "Pimpri Chinchwad", "country": "India", "state": "MH", "city": "Pune", "order_note": "", "order_total": 896.0, "tax": 96.0, "status": "new", "ip": "127.0.0.1", "is_ordered": false, "created_at": "2021-08-10T10:10:00.160Z", "updated_at": "2021-08-10T10:10:00.165Z"}}, {"model": "orders.order", "pk": 26, "fields": {"user": 1, "payment": null, "order_number": "2021081026", "first_name": "Pora", "last_name": "Horse", "phone": "9284382469", "email": "contact@bithelpfoundation.org", "address_line_1": "Pimpri", "address_line_2": "MIDC", "country": "Bermuda", "state": "MH", "city": "Pune", "order_note": "", "order_total": 336.0, "tax": 36.0, "status": "new", "ip": "127.0.0.1", "is_ordered": false, "created_at": "2021-08-10T10:10:33.160Z", "updated_at": "2021-08-10T10:10:33.165Z"}}, {"model": "orders.order", "pk": 27, "fields": {"user": 1, "payment": null, "order_number": "2021081027", "first_name": "Pora", "last_name": "Horse", "phone": "9284382469", "email": "contact@bithelpfoundation.org", "address_line_1": "Pimpri", "address_line_2": "MIDC", "country": "Bermuda", "state": "MH", "city": "Pune", "order_note": "", "order_total": 336.0, "tax": 36.0, "status": "new", "ip": "127.0.0.1", "is_ordered": false, "created_at": "2021-08-10T10:11:38.552Z", "updated_at": "2021-08-10T10:11:38.557Z"}}, {"model": "orders.order", "pk": 28, "fields": {"user": null, "payment": null, "order_number": "2021081028", "first_name": "Varum", "last_name": "Foundation", "phone": "+919284382469", "email": "contact@bithelpfoundation.org", "address_line_1": "Bhsari", "address_line_2": "MIDC", "country": "India", "state": "MH", "city": "Pune", "order_note": "", "order_total": 336.0, "tax": 36.0, "status": "new", "ip": "127.0.0.1", "is_ordered": false, "created_at": "2021-08-10T10:24:52.589Z", "updated_at": "2021-08-10T10:24:52.593Z"}}, {"model": "orders.order", "pk": 29, "fields": {"user": null, "payment": null, "order_number": "2021081029", "first_name": "Vora", "last_name": "Foundation", "phone": "+919284382469", "email": "contact@bithelpfoundation.org", "address_line_1": "Bhsari", "address_line_2": "MIDC", "country": "India", "state": "MH", "city": "Pune", "order_note": "", "order_total": 896.0, "tax": 96.0, "status": "new", "ip": "127.0.0.1", "is_ordered": false, "created_at": "2021-08-10T10:26:15.869Z", "updated_at": "2021-08-10T10:26:15.873Z"}}, {"model": "orders.order", "pk": 30, "fields": {"user": 1, "payment": 3, "order_number": "2021081030", "first_name": "Dragon", "last_name": "Foundation", "phone": "+919284382469", "email": "contact@bithelpfoundation.org", "address_line_1": "Bhsari", "address_line_2": "MIDC", "country": "India", "state": "MH", "city": "Pune", "order_note": "", "order_total": 336.0, "tax": 36.0, "status": "new", "ip": "127.0.0.1", "is_ordered": true, "created_at": "2021-08-10T10:33:34.199Z", "updated_at": "2021-08-10T10:33:54.185Z"}}, {"model": "orders.order", "pk": 31, "fields": {"user": null, "payment": null, "order_number": "2021081031", "first_name": "Hiroo", "last_name": "Foundation", "phone": "+919284382469", "email": "contact@bithelpfoundation.org", "address_line_1": "Bhsari", "address_line_2": "MIDC", "country": "India", "state": "MH", "city": "Pune", "order_note": "", "order_total": 896.0, "tax": 96.0, "status": "New", "ip": "127.0.0.1", "is_ordered": true, "created_at": "2021-08-10T11:32:36.770Z", "updated_at": "2021-08-10T11:32:57.080Z"}}, {"model": "orders.order", "pk": 32, "fields": {"user": null, "payment": null, "order_number": "2021081032", "first_name": "Aloha", "last_name": "Foundation", "phone": "+919284382469", "email": "kuhikarpiyush@gmail.com", "address_line_1": "Bhsari", "address_line_2": "MIDC", "country": "India", "state": "MH", "city": "Pune", "order_note": "", "order_total": 896.0, "tax": 96.0, "status": "New", "ip": "127.0.0.1", "is_ordered": true, "created_at": "2021-08-10T13:43:19.655Z", "updated_at": "2021-08-10T13:43:38.599Z"}}, {"model": "orders.order", "pk": 33, "fields": {"user": null, "payment": null, "order_number": "2021081033", "first_name": "Aloha", "last_name": "Foundation", "phone": "+919284382469", "email": "kuhikarpiyush@gmail.com", "address_line_1": "Bhsari", "address_line_2": "MIDC", "country": "India", "state": "MH", "city": "Pune", "order_note": "", "order_total": 896.0, "tax": 96.0, "status": "New", "ip": "127.0.0.1", "is_ordered": true, "created_at": "2021-08-10T13:44:14.877Z", "updated_at": "2021-08-10T13:44:30.938Z"}}, {"model": "orders.order", "pk": 34, "fields": {"user": null, "payment": null, "order_number": "2021081034", "first_name": "Aloha", "last_name": "Foundation", "phone": "+919284382469", "email": "kuhikarpiyush@gmail.com", "address_line_1": "Bhsari", "address_line_2": "MIDC", "country": "India", "state": "MH", "city": "Pune", "order_note": "", "order_total": 896.0, "tax": 96.0, "status": "New", "ip": "127.0.0.1", "is_ordered": true, "created_at": "2021-08-10T13:46:31.539Z", "updated_at": "2021-08-10T13:46:46.390Z"}}, {"model": "orders.order", "pk": 35, "fields": {"user": null, "payment": null, "order_number": "2021081035", "first_name": "Aloha", "last_name": "Foundation", "phone": "+919284382469", "email": "kuhikarpiyush@gmail.com", "address_line_1": "Bhsari", "address_line_2": "MIDC", "country": "India", "state": "MH", "city": "Pune", "order_note": "", "order_total": 896.0, "tax": 96.0, "status": "New", "ip": "127.0.0.1", "is_ordered": true, "created_at": "2021-08-10T13:53:46.023Z", "updated_at": "2021-08-10T13:54:00.561Z"}}, {"model": "orders.order", "pk": 36, "fields": {"user": null, "payment": null, "order_number": "2021081036", "first_name": "Aloha", "last_name": "Foundation", "phone": "+919284382469", "email": "kuhikarpiyush@gmail.com", "address_line_1": "Bhsari", "address_line_2": "MIDC", "country": "India", "state": "MH", "city": "Pune", "order_note": "", "order_total": 896.0, "tax": 96.0, "status": "New", "ip": "127.0.0.1", "is_ordered": true, "created_at": "2021-08-10T13:55:57.554Z", "updated_at": "2021-08-10T13:56:12.880Z"}}, {"model": "orders.order", "pk": 37, "fields": {"user": null, "payment": null, "order_number": "2021081037", "first_name": "Aloha", "last_name": "Foundation", "phone": "+919284382469", "email": "kuhikarpiyush@gmail.com", "address_line_1": "Bhsari", "address_line_2": "MIDC", "country": "India", "state": "MH", "city": "Pune", "order_note": "", "order_total": 896.0, "tax": 96.0, "status": "New", "ip": "127.0.0.1", "is_ordered": true, "created_at": "2021-08-10T13:56:47.802Z", "updated_at": "2021-08-10T13:57:10.307Z"}}, {"model": "orders.order", "pk": 38, "fields": {"user": null, "payment": null, "order_number": "2021081038", "first_name": "Aloha", "last_name": "Foundation", "phone": "+919284382469", "email": "kuhikarpiyush@gmail.com", "address_line_1": "Bhsari", "address_line_2": "MIDC", "country": "India", "state": "MH", "city": "Pune", "order_note": "", "order_total": 896.0, "tax": 96.0, "status": "New", "ip": "127.0.0.1", "is_ordered": true, "created_at": "2021-08-10T14:01:58.855Z", "updated_at": "2021-08-10T14:02:15.149Z"}}, {"model": "orders.order", "pk": 39, "fields": {"user": null, "payment": null, "order_number": "2021081039", "first_name": "Aloha", "last_name": "Foundation", "phone": "+919284382469", "email": "kuhikarpiyush@gmail.com", "address_line_1": "Bhsari", "address_line_2": "MIDC", "country": "India", "state": "MH", "city": "Pune", "order_note": "", "order_total": 896.0, "tax": 96.0, "status": "New", "ip": "127.0.0.1", "is_ordered": true, "created_at": "2021-08-10T14:03:32.421Z", "updated_at": "2021-08-10T14:03:47.438Z"}}, {"model": "orders.order", "pk": 40, "fields": {"user": null, "payment": null, "order_number": "2021081040", "first_name": "Aloha", "last_name": "Foundation", "phone": "+919284382469", "email": "kuhikarpiyush@gmail.com", "address_line_1": "Bhsari", "address_line_2": "MIDC", "country": "India", "state": "MH", "city": "Pune", "order_note": "", "order_total": 896.0, "tax": 96.0, "status": "New", "ip": "127.0.0.1", "is_ordered": true, "created_at": "2021-08-10T14:04:28.361Z", "updated_at": "2021-08-10T14:04:44.257Z"}}, {"model": "orders.order", "pk": 41, "fields": {"user": null, "payment": null, "order_number": "2021081041", "first_name": "Aloha", "last_name": "Foundation", "phone": "+919284382469", "email": "kuhikarpiyush@gmail.com", "address_line_1": "Bhsari", "address_line_2": "MIDC", "country": "India", "state": "MH", "city": "Pune", "order_note": "", "order_total": 896.0, "tax": 96.0, "status": "New", "ip": "127.0.0.1", "is_ordered": false, "created_at": "2021-08-10T14:06:16.513Z", "updated_at": "2021-08-10T14:06:16.513Z"}}, {"model": "orders.order", "pk": 42, "fields": {"user": null, "payment": null, "order_number": "2021081042", "first_name": "Aloha", "last_name": "Foundation", "phone": "+919284382469", "email": "kuhikarpiyush@gmail.com", "address_line_1": "Bhsari", "address_line_2": "MIDC", "country": "India", "state": "MH", "city": "Pune", "order_note": "", "order_total": 896.0, "tax": 96.0, "status": "New", "ip": "127.0.0.1", "is_ordered": true, "created_at": "2021-08-10T14:12:57.089Z", "updated_at": "2021-08-10T14:13:11.839Z"}}, {"model": "orders.order", "pk": 43, "fields": {"user": null, "payment": null, "order_number": "2021081043", "first_name": "Aloha", "last_name": "Foundation", "phone": "+919284382469", "email": "kuhikarpiyush@gmail.com", "address_line_1": "Bhsari", "address_line_2": "MIDC", "country": "India", "state": "MH", "city": "Pune", "order_note": "", "order_total": 896.0, "tax": 96.0, "status": "New", "ip": "127.0.0.1", "is_ordered": true, "created_at": "2021-08-10T14:18:55.666Z", "updated_at": "2021-08-10T14:19:11.682Z"}}, {"model": "orders.order", "pk": 44, "fields": {"user": null, "payment": null, "order_number": "2021081044", "first_name": "Aloha", "last_name": "Foundation", "phone": "+919284382469", "email": "kuhikarpiyush@gmail.com", "address_line_1": "Bhsari", "address_line_2": "MIDC", "country": "India", "state": "MH", "city": "Pune", "order_note": "", "order_total": 896.0, "tax": 96.0, "status": "New", "ip": "127.0.0.1", "is_ordered": true, "created_at": "2021-08-10T14:20:04.084Z", "updated_at": "2021-08-10T14:20:35.339Z"}}, {"model": "orders.order", "pk": 45, "fields": {"user": null, "payment": null, "order_number": "2021081045", "first_name": "Variku", "last_name": "Foundation", "phone": "+919284382469", "email": "kuhikarpiyush@gmail.com", "address_line_1": "Bhsari", "address_line_2": "MIDC", "country": "India", "state": "MH", "city": "Pune", "order_note": "", "order_total": 336.0, "tax": 36.0, "status": "New", "ip": "127.0.0.1", "is_ordered": true, "created_at": "2021-08-10T14:23:59.515Z", "updated_at": "2021-08-10T14:24:13.243Z"}}, {"model": "orders.order", "pk": 46, "fields": {"user": null, "payment": null, "order_number": "2021081046", "first_name": "Klesh", "last_name": "Foundation", "phone": "9284382469", "email": "mkuhikar@gmail.com", "address_line_1": "Pimpri", "address_line_2": "MIDC", "country": "Bermuda", "state": "MH", "city": "Pune", "order_note": "", "order_total": 3360.0, "tax": 360.0, "status": "New", "ip": "127.0.0.1", "is_ordered": true, "created_at": "2021-08-10T14:33:14.808Z", "updated_at": "2021-08-10T14:33:28.951Z"}}, {"model": "orders.order", "pk": 47, "fields": {"user": null, "payment": null, "order_number": "2021081047", "first_name": "Klesh", "last_name": "Foundation", "phone": "9284382469", "email": "mkuhikar@gmail.com", "address_line_1": "Pimpri", "address_line_2": "MIDC", "country": "Bermuda", "state": "MH", "city": "Pune", "order_note": "", "order_total": 3360.0, "tax": 360.0, "status": "New", "ip": "127.0.0.1", "is_ordered": true, "created_at": "2021-08-10T14:34:52.196Z", "updated_at": "2021-08-10T14:35:10.865Z"}}, {"model": "orders.order", "pk": 48, "fields": {"user": null, "payment": null, "order_number": "2021081148", "first_name": "Dvorak", "last_name": "Horse", "phone": "9284382469", "email": "contact@bithelpfoundation.org", "address_line_1": "Pimpri", "address_line_2": "MIDC", "country": "Bermuda", "state": "MH", "city": "Pune", "order_note": "", "order_total": 3360.0, "tax": 360.0, "status": "New", "ip": "127.0.0.1", "is_ordered": true, "created_at": "2021-08-11T06:11:55.121Z", "updated_at": "2021-08-11T06:12:21.938Z"}}, {"model": "orders.order", "pk": 49, "fields": {"user": 1, "payment": 21, "order_number": "2021081149", "first_name": "Mainhuadmin", "last_name": "Foundation", "phone": "+919284382469", "email": "contact@bithelpfoundation.org", "address_line_1": "Bhsari", "address_line_2": "MIDC", "country": "India", "state": "MH", "city": "Pune", "order_note": "", "order_total": 918.4, "tax": 98.4, "status": "New", "ip": "127.0.0.1", "is_ordered": true, "created_at": "2021-08-11T07:07:53.670Z", "updated_at": "2021-08-11T07:08:11.041Z"}}, {"model": "orders.order", "pk": 50, "fields": {"user": 1, "payment": 22, "order_number": "2021081150", "first_name": "badahumai", "last_name": "Kaar", "phone": "+919284382469", "email": "contact@bithelpfoundation.org", "address_line_1": "Bhsari", "address_line_2": "MIDC", "country": "India", "state": "MH", "city": "Pune", "order_note": "", "order_total": 918.4, "tax": 98.4, "status": "New", "ip": "127.0.0.1", "is_ordered": true, "created_at": "2021-08-11T07:10:27.395Z", "updated_at": "2021-08-11T07:10:43.382Z"}}, {"model": "orders.order", "pk": 51, "fields": {"user": 1, "payment": null, "order_number": "2021081151", "first_name": "badahumai", "last_name": "Kaar", "phone": "+919284382469", "email": "contact@bithelpfoundation.org", "address_line_1": "Bhsari", "address_line_2": "MIDC", "country": "India", "state": "MH", "city": "Pune", "order_note": "", "order_total": 918.4, "tax": 98.4, "status": "New", "ip": "127.0.0.1", "is_ordered": false, "created_at": "2021-08-11T08:05:54.808Z", "updated_at": "2021-08-11T08:05:54.816Z"}}, {"model": "orders.order", "pk": 52, "fields": {"user": 1, "payment": 23, "order_number": "2021081152", "first_name": "Throw", "last_name": "Horse", "phone": "9284382469", "email": "contact@bithelpfoundation.org", "address_line_1": "Pimpri", "address_line_2": "MIDC", "country": "Bermuda", "state": "MH", "city": "Pune", "order_note": "", "order_total": 6720.0, "tax": 720.0, "status": "New", "ip": "127.0.0.1", "is_ordered": true, "created_at": "2021-08-11T08:07:03.443Z", "updated_at": "2021-08-11T08:07:20.817Z"}}, {"model": "orders.order", "pk": 53, "fields": {"user": 1, "payment": 24, "order_number": "2021081153", "first_name": "Throw", "last_name": "Horse", "phone": "9284382469", "email": "contact@bithelpfoundation.org", "address_line_1": "Pimpri", "address_line_2": "MIDC", "country": "Bermuda", "state": "MH", "city": "Pune", "order_note": "", "order_total": 6720.0, "tax": 720.0, "status": "New", "ip": "127.0.0.1", "is_ordered": true, "created_at": "2021-08-11T08:11:22.830Z", "updated_at": "2021-08-11T08:11:38.205Z"}}, {"model": "orders.order", "pk": 54, "fields": {"user": null, "payment": null, "order_number": "2021081154", "first_name": "Piyush", "last_name": "Kuhikar", "phone": "+919284382469", "email": "mkuhikar@gmail.com", "address_line_1": "Bhsari", "address_line_2": "MIDC", "country": "India", "state": "MH", "city": "Pune", "order_note": "", "order_total": 336.0, "tax": 36.0, "status": "New", "ip": "127.0.0.1", "is_ordered": true, "created_at": "2021-08-11T08:48:45.142Z", "updated_at": "2021-08-11T08:49:01.582Z"}}, {"model": "orders.order", "pk": 55, "fields": {"user": null, "payment": null, "order_number": "2021081155", "first_name": "Piyush", "last_name": "Kuhikar", "phone": "+919284382469", "email": "mkuhikar@gmail.com", "address_line_1": "Bhsari", "address_line_2": "MIDC", "country": "India", "state": "MH", "city": "Pune", "order_note": "", "order_total": 336.0, "tax": 36.0, "status": "New", "ip": "127.0.0.1", "is_ordered": true, "created_at": "2021-08-11T08:57:53.636Z", "updated_at": "2021-08-11T08:58:11.051Z"}}, {"model": "orders.order", "pk": 56, "fields": {"user": null, "payment": null, "order_number": "2021081156", "first_name": "Rajesh", "last_name": "Kuhikar", "phone": "+919284382469", "email": "mkuhikar@gmail.com", "address_line_1": "Bhsari", "address_line_2": "MIDC", "country": "India", "state": "MH", "city": "Pune", "order_note": "", "order_total": 896.0, "tax": 96.0, "status": "New", "ip": "127.0.0.1", "is_ordered": false, "created_at": "2021-08-11T10:37:12.220Z", "updated_at": "2021-08-11T10:37:12.226Z"}}, {"model": "orders.order", "pk": 57, "fields": {"user": null, "payment": null, "order_number": "2021081157", "first_name": "Rajesh", "last_name": "Kuhikar", "phone": "+919284382469", "email": "mkuhikar@gmail.com", "address_line_1": "Bhsari", "address_line_2": "MIDC", "country": "India", "state": "MH", "city": "Pune", "order_note": "", "order_total": 896.0, "tax": 96.0, "status": "New", "ip": "127.0.0.1", "is_ordered": false, "created_at": "2021-08-11T10:38:00.544Z", "updated_at": "2021-08-11T10:38:00.549Z"}}, {"model": "orders.order", "pk": 58, "fields": {"user": null, "payment": null, "order_number": "2021081158", "first_name": "Rajesh", "last_name": "Kuhikar", "phone": "+919284382469", "email": "mkuhikar@gmail.com", "address_line_1": "Bhsari", "address_line_2": "MIDC", "country": "India", "state": "MH", "city": "Pune", "order_note": "", "order_total": 896.0, "tax": 96.0, "status": "New", "ip": "127.0.0.1", "is_ordered": false, "created_at": "2021-08-11T10:38:43.811Z", "updated_at": "2021-08-11T10:38:43.816Z"}}, {"model": "orders.order", "pk": 59, "fields": {"user": null, "payment": null, "order_number": "2021081159", "first_name": "Rajesh", "last_name": "Kuhikar", "phone": "+919284382469", "email": "mkuhikar@gmail.com", "address_line_1": "Bhsari", "address_line_2": "MIDC", "country": "India", "state": "MH", "city": "Pune", "order_note": "", "order_total": 896.0, "tax": 96.0, "status": "New", "ip": "127.0.0.1", "is_ordered": true, "created_at": "2021-08-11T10:39:54.281Z", "updated_at": "2021-08-11T10:42:19.811Z"}}, {"model": "orders.order", "pk": 60, "fields": {"user": null, "payment": null, "order_number": "2021081160", "first_name": "Rupali", "last_name": "Kuhikar", "phone": "+919284382469", "email": "mkuhikar@gmail.com", "address_line_1": "Bhsari", "address_line_2": "MIDC", "country": "India", "state": "MH", "city": "Pune", "order_note": "", "order_total": 336.0, "tax": 36.0, "status": "New", "ip": "127.0.0.1", "is_ordered": true, "created_at": "2021-08-11T10:43:35.582Z", "updated_at": "2021-08-11T10:44:42.348Z"}}, {"model": "orders.order", "pk": 61, "fields": {"user": null, "payment": null, "order_number": "2021081161", "first_name": "Varun", "last_name": "Kuhikar", "phone": "+919284382469", "email": "mkuhikar@gmail.com", "address_line_1": "Bhsari", "address_line_2": "MIDC", "country": "India", "state": "MH", "city": "Pune", "order_note": "", "order_total": 336.0, "tax": 36.0, "status": "New", "ip": "127.0.0.1", "is_ordered": true, "created_at": "2021-08-11T10:45:13.616Z", "updated_at": "2021-08-11T10:45:50.551Z"}}, {"model": "orders.order", "pk": 62, "fields": {"user": null, "payment": null, "order_number": "2021081162", "first_name": "Pradhan", "last_name": "Kuhikar", "phone": "+919284382469", "email": "mkuhikar@gmail.com", "address_line_1": "Bhsari", "address_line_2": "MIDC", "country": "India", "state": "MH", "city": "Pune", "order_note": "", "order_total": 336.0, "tax": 36.0, "status": "New", "ip": "127.0.0.1", "is_ordered": false, "created_at": "2021-08-11T10:47:35.216Z", "updated_at": "2021-08-11T10:47:35.220Z"}}, {"model": "orders.order", "pk": 63, "fields": {"user": null, "payment": null, "order_number": "2021081163", "first_name": "Pradhan", "last_name": "Kuhikar", "phone": "+919284382469", "email": "mkuhikar@gmail.com", "address_line_1": "Bhsari", "address_line_2": "MIDC", "country": "India", "state": "MH", "city": "Pune", "order_note": "", "order_total": 336.0, "tax": 36.0, "status": "New", "ip": "127.0.0.1", "is_ordered": true, "created_at": "2021-08-11T10:48:12.145Z", "updated_at": "2021-08-11T10:50:32.722Z"}}, {"model": "orders.order", "pk": 64, "fields": {"user": null, "payment": null, "order_number": "2021081164", "first_name": "RadheSham", "last_name": "Kuhikar", "phone": "+919284382469", "email": "mkuhikar@gmail.com", "address_line_1": "Bhsari", "address_line_2": "MIDC", "country": "India", "state": "MH", "city": "Pune", "order_note": "", "order_total": 336.0, "tax": 36.0, "status": "New", "ip": "127.0.0.1", "is_ordered": true, "created_at": "2021-08-11T10:52:53.081Z", "updated_at": "2021-08-11T10:55:42.355Z"}}, {"model": "orders.order", "pk": 65, "fields": {"user": null, "payment": null, "order_number": "2021081165", "first_name": "Break", "last_name": "Foundation", "phone": "+919284382469", "email": "contact@bithelpfoundation.org", "address_line_1": "Bhsari", "address_line_2": "MIDC", "country": "India", "state": "MH", "city": "Pune", "order_note": "", "order_total": 336.0, "tax": 36.0, "status": "New", "ip": "127.0.0.1", "is_ordered": true, "created_at": "2021-08-11T10:56:09.948Z", "updated_at": "2021-08-11T10:56:23.993Z"}}, {"model": "orders.order", "pk": 66, "fields": {"user": null, "payment": null, "order_number": "2021081166", "first_name": "Star", "last_name": "Foundation", "phone": "9284382469", "email": "contact@bithelpfoundation.org", "address_line_1": "Pimpri", "address_line_2": "MIDC", "country": "Bermuda", "state": "MH", "city": "Pune", "order_note": "", "order_total": 918.4, "tax": 98.4, "status": "New", "ip": "127.0.0.1", "is_ordered": true, "created_at": "2021-08-11T10:57:31.755Z", "updated_at": "2021-08-11T10:58:02.955Z"}}, {"model": "orders.order", "pk": 67, "fields": {"user": 1, "payment": 34, "order_number": "2021081167", "first_name": "Force", "last_name": "Foundation", "phone": "9284382469", "email": "contact@bithelpfoundation.org", "address_line_1": "Pimpri", "address_line_2": "MIDC", "country": "Bermuda", "state": "MH", "city": "Pune", "order_note": "", "order_total": 3360.0, "tax": 360.0, "status": "New", "ip": "127.0.0.1", "is_ordered": true, "created_at": "2021-08-11T10:58:55.056Z", "updated_at": "2021-08-11T10:59:42.455Z"}}, {"model": "orders.order", "pk": 68, "fields": {"user": null, "payment": null, "order_number": "2021081168", "first_name": "Rajabhoj", "last_name": "Horse", "phone": "9284382469", "email": "contact@bithelpfoundation.org", "address_line_1": "Pimpri", "address_line_2": "MIDC", "country": "Bermuda", "state": "MH", "city": "Pune", "order_note": "", "order_total": 1232.0, "tax": 132.0, "status": "New", "ip": "127.0.0.1", "is_ordered": true, "created_at": "2021-08-11T11:04:50.053Z", "updated_at": "2021-08-11T11:07:40.304Z"}}, {"model": "orders.order", "pk": 69, "fields": {"user": null, "payment": null, "order_number": "2021081169", "first_name": "Piyush", "last_name": "Kuhikar", "phone": "123123", "email": "kuhikarpiyush@gmail.com", "address_line_1": "Nagpur", "address_line_2": "MIDC", "country": "India", "state": "Maharashtra", "city": "Los Angeles", "order_note": "", "order_total": 672.0, "tax": 72.0, "status": "New", "ip": "127.0.0.1", "is_ordered": true, "created_at": "2021-08-11T11:09:49.485Z", "updated_at": "2021-08-11T11:11:46.413Z"}}, {"model": "orders.order", "pk": 70, "fields": {"user": null, "payment": null, "order_number": "2021081170", "first_name": "Piyush", "last_name": "Kuhikar", "phone": "123123", "email": "mkuhikar@gmail.com", "address_line_1": "Nagpur", "address_line_2": "MIDC", "country": "India", "state": "Maharashtra", "city": "Los Angeles", "order_note": "", "order_total": 896.0, "tax": 96.0, "status": "New", "ip": "127.0.0.1", "is_ordered": true, "created_at": "2021-08-11T11:12:25.488Z", "updated_at": "2021-08-11T11:13:03.616Z"}}, {"model": "orders.order", "pk": 71, "fields": {"user": null, "payment": null, "order_number": "2021081171", "first_name": "Kett", "last_name": "Foundation", "phone": "+919284382469", "email": "contact@bithelpfoundation.org", "address_line_1": "Bhsari", "address_line_2": "MIDC", "country": "India", "state": "MH", "city": "Pune", "order_note": "", "order_total": 896.0, "tax": 96.0, "status": "New", "ip": "127.0.0.1", "is_ordered": false, "created_at": "2021-08-11T11:24:38.759Z", "updated_at": "2021-08-11T11:24:38.766Z"}}, {"model": "orders.order", "pk": 72, "fields": {"user": null, "payment": null, "order_number": "2021081172", "first_name": "Kett", "last_name": "Foundation", "phone": "+919284382469", "email": "contact@bithelpfoundation.org", "address_line_1": "Bhsari", "address_line_2": "MIDC", "country": "India", "state": "MH", "city": "Pune", "order_note": "", "order_total": 896.0, "tax": 96.0, "status": "New", "ip": "127.0.0.1", "is_ordered": true, "created_at": "2021-08-11T11:24:48.369Z", "updated_at": "2021-08-11T11:25:04.493Z"}}, {"model": "orders.order", "pk": 73, "fields": {"user": null, "payment": null, "order_number": "2021081173", "first_name": "vroom", "last_name": "Foundation", "phone": "+919284382469", "email": "contact@bithelpfoundation.org", "address_line_1": "Bhsari", "address_line_2": "MIDC", "country": "India", "state": "MH", "city": "Pune", "order_note": "", "order_total": 336.0, "tax": 36.0, "status": "New", "ip": "127.0.0.1", "is_ordered": false, "created_at": "2021-08-11T11:25:59.437Z", "updated_at": "2021-08-11T11:25:59.441Z"}}, {"model": "orders.order", "pk": 74, "fields": {"user": null, "payment": null, "order_number": "2021081174", "first_name": "vroom", "last_name": "Foundation", "phone": "+919284382469", "email": "kuhikarpiyush@gmail.com", "address_line_1": "Bhsari", "address_line_2": "MIDC", "country": "India", "state": "MH", "city": "Pune", "order_note": "", "order_total": 336.0, "tax": 36.0, "status": "New", "ip": "127.0.0.1", "is_ordered": true, "created_at": "2021-08-11T11:26:18.919Z", "updated_at": "2021-08-11T11:26:33.467Z"}}, {"model": "orders.order", "pk": 75, "fields": {"user": null, "payment": null, "order_number": "2021081175", "first_name": "Dressup", "last_name": "Foundation", "phone": "+919284382469", "email": "contact@bithelpfoundation.org", "address_line_1": "Bhsari", "address_line_2": "MIDC", "country": "India", "state": "MH", "city": "Pune", "order_note": "", "order_total": 896.0, "tax": 96.0, "status": "New", "ip": "127.0.0.1", "is_ordered": true, "created_at": "2021-08-11T11:33:42.520Z", "updated_at": "2021-08-11T11:33:58.113Z"}}, {"model": "orders.order", "pk": 76, "fields": {"user": 1, "payment": 41, "order_number": "2021081176", "first_name": "Wakil", "last_name": "Kuhikar", "phone": "+919284382469", "email": "mkuhikar@gmail.com", "address_line_1": "Bhsari", "address_line_2": "MIDC", "country": "India", "state": "MH", "city": "Pune", "order_note": "", "order_total": 336.0, "tax": 36.0, "status": "New", "ip": "127.0.0.1", "is_ordered": true, "created_at": "2021-08-11T11:52:06.923Z", "updated_at": "2021-08-11T11:52:25.684Z"}}, {"model": "orders.order", "pk": 77, "fields": {"user": null, "payment": null, "order_number": "2021081177", "first_name": "Waarbo", "last_name": "Foundation", "phone": "+919284382469", "email": "contact@bithelpfoundation.org", "address_line_1": "Bhsari", "address_line_2": "MIDC", "country": "India", "state": "MH", "city": "Pune", "order_note": "", "order_total": 896.0, "tax": 96.0, "status": "New", "ip": "127.0.0.1", "is_ordered": true, "created_at": "2021-08-11T11:54:38.460Z", "updated_at": "2021-08-11T11:54:53.766Z"}}, {"model": "orders.order", "pk": 78, "fields": {"user": null, "payment": null, "order_number": "2021081778", "first_name": "Piyush", "last_name": "Kuhikar", "phone": "123123", "email": "mkuhikar@gmail.com", "address_line_1": "Nagpur", "address_line_2": "MIDC", "country": "India", "state": "Maharashtra", "city": "Los Angeles", "order_note": "", "order_total": 896.0, "tax": 96.0, "status": "New", "ip": "127.0.0.1", "is_ordered": true, "created_at": "2021-08-17T08:37:45.927Z", "updated_at": "2021-08-17T08:38:26.290Z"}}, {"model": "orders.order", "pk": 79, "fields": {"user": null, "payment": null, "order_number": "2021081779", "first_name": "Piyush", "last_name": "Kuhikar", "phone": "123123", "email": "mkuhikar@gmail.com", "address_line_1": "Nagpur", "address_line_2": "MIDC", "country": "India", "state": "Maharashtra", "city": "Los Angeles", "order_note": "", "order_total": 896.0, "tax": 96.0, "status": "New", "ip": "127.0.0.1", "is_ordered": true, "created_at": "2021-08-17T08:58:15.669Z", "updated_at": "2021-08-17T08:58:43.228Z"}}, {"model": "orders.order", "pk": 80, "fields": {"user": null, "payment": null, "order_number": "2021081780", "first_name": "Piyush", "last_name": "Kuhikar", "phone": "123123", "email": "mkuhikar@gmail.com", "address_line_1": "Nagpur", "address_line_2": "MIDC", "country": "India", "state": "Maharashtra", "city": "Los Angeles", "order_note": "", "order_total": 896.0, "tax": 96.0, "status": "New", "ip": "127.0.0.1", "is_ordered": true, "created_at": "2021-08-17T09:05:55.867Z", "updated_at": "2021-08-17T09:06:15.270Z"}}, {"model": "orders.order", "pk": 81, "fields": {"user": 1, "payment": 46, "order_number": "2021081781", "first_name": "Piyush", "last_name": "Kuhikar", "phone": "123123", "email": "mkuhikar@gmail.com", "address_line_1": "Bhagwan Nagar, Rahri Raod, Konwale Chowk", "address_line_2": "Dabur line", "country": "India", "state": "Maharashtra", "city": "Panvel", "order_note": "", "order_total": 1232.0, "tax": 132.0, "status": "New", "ip": "127.0.0.1", "is_ordered": true, "created_at": "2021-08-17T10:31:28.823Z", "updated_at": "2021-08-17T10:31:54.639Z"}}, {"model": "orders.order", "pk": 82, "fields": {"user": 1, "payment": 47, "order_number": "2021081882", "first_name": "Piyush", "last_name": "Kuhikar", "phone": "+919284382469", "email": "mkuhikar@gmail.com", "address_line_1": "Bhsari", "address_line_2": "MIDC", "country": "India", "state": "MH", "city": "Pune", "order_note": "", "order_total": 896.0, "tax": 96.0, "status": "New", "ip": "127.0.0.1", "is_ordered": true, "created_at": "2021-08-18T07:08:14.800Z", "updated_at": "2021-08-18T07:08:34.771Z"}}, {"model": "orders.order", "pk": 83, "fields": {"user": null, "payment": null, "order_number": "2021081883", "first_name": "Piyush", "last_name": "Kuhikar", "phone": "+919284382469", "email": "mkuhikar@gmail.com", "address_line_1": "Bhsari", "address_line_2": "MIDC", "country": "India", "state": "MH", "city": "Pune", "order_note": "", "order_total": 896.0, "tax": 96.0, "status": "New", "ip": "127.0.0.1", "is_ordered": true, "created_at": "2021-08-18T07:44:10.002Z", "updated_at": "2021-08-18T07:44:27.485Z"}}, {"model": "orders.order", "pk": 84, "fields": {"user": 43, "payment": null, "order_number": "2021082184", "first_name": "Piyush", "last_name": "Kuhikar", "phone": "+919284382469", "email": "mkuhikar@gmail.com", "address_line_1": "Bhsari", "address_line_2": "MIDC", "country": "India", "state": "MH", "city": "Pune", "order_note": "", "order_total": 896.0, "tax": 96.0, "status": "New", "ip": "127.0.0.1", "is_ordered": false, "created_at": "2021-08-21T09:18:26.410Z", "updated_at": "2021-08-21T09:18:26.418Z"}}, {"model": "orders.order", "pk": 85, "fields": {"user": 43, "payment": null, "order_number": "2021082185", "first_name": "Piyush", "last_name": "Kuhikar", "phone": "+919284382469", "email": "mkuhikar@gmail.com", "address_line_1": "Bhsari", "address_line_2": "MIDC", "country": "India", "state": "MH", "city": "Pune", "order_note": "", "order_total": 896.0, "tax": 96.0, "status": "New", "ip": "127.0.0.1", "is_ordered": false, "created_at": "2021-08-21T09:20:35.700Z", "updated_at": "2021-08-21T09:20:35.708Z"}}, {"model": "orders.order", "pk": 86, "fields": {"user": 43, "payment": null, "order_number": "2021082186", "first_name": "Piyush", "last_name": "Kuhikar", "phone": "+919284382469", "email": "mkuhikar@gmail.com", "address_line_1": "Bhsari", "address_line_2": "MIDC", "country": "India", "state": "MH", "city": "Pune", "order_note": "", "order_total": 896.0, "tax": 96.0, "status": "New", "ip": "127.0.0.1", "is_ordered": false, "created_at": "2021-08-21T09:21:33.335Z", "updated_at": "2021-08-21T09:21:33.359Z"}}, {"model": "orders.order", "pk": 87, "fields": {"user": 43, "payment": null, "order_number": "2021082187", "first_name": "Piyush", "last_name": "Kuhikar", "phone": "+919284382469", "email": "mkuhikar@gmail.com", "address_line_1": "Bhsari", "address_line_2": "MIDC", "country": "India", "state": "MH", "city": "Pune", "order_note": "", "order_total": 1792.0, "tax": 192.0, "status": "New", "ip": "127.0.0.1", "is_ordered": false, "created_at": "2021-08-21T09:22:55.927Z", "updated_at": "2021-08-21T09:22:55.927Z"}}, {"model": "orders.order", "pk": 88, "fields": {"user": 43, "payment": null, "order_number": "2021082188", "first_name": "Piyush", "last_name": "Kuhikar", "phone": "+919284382469", "email": "mkuhikar@gmail.com", "address_line_1": "Bhsari", "address_line_2": "MIDC", "country": "India", "state": "MH", "city": "Pune", "order_note": "", "order_total": 1792.0, "tax": 192.0, "status": "New", "ip": "127.0.0.1", "is_ordered": false, "created_at": "2021-08-21T09:34:07.675Z", "updated_at": "2021-08-21T09:34:07.683Z"}}, {"model": "orders.order", "pk": 89, "fields": {"user": 43, "payment": 49, "order_number": "2021082189", "first_name": "piyush", "last_name": "Kuhikar", "phone": "123123", "email": "mkuhikar@gmail.com", "address_line_1": "Nagpur", "address_line_2": "MIDC", "country": "India", "state": "Maharashtra", "city": "Los Angeles", "order_note": "", "order_total": 2688.0, "tax": 288.0, "status": "New", "ip": "127.0.0.1", "is_ordered": true, "created_at": "2021-08-21T09:35:14.398Z", "updated_at": "2021-08-21T09:35:36.561Z"}}, {"model": "orders.orderproduct", "pk": 35, "fields": {"order": 82, "payment": 47, "user": 1, "product": 1, "quantity": 1, "product_price": 800.0, "ordered": true, "created_at": "2021-08-18T07:08:34.783Z", "updated_at": "2021-08-18T07:08:34.828Z", "variation": [1, 9]}}, {"model": "orders.orderproduct", "pk": 37, "fields": {"order": 89, "payment": 49, "user": 43, "product": 1, "quantity": 1, "product_price": 800.0, "ordered": true, "created_at": "2021-08-21T09:35:36.577Z", "updated_at": "2021-08-21T09:35:36.593Z", "variation": [1, 9]}}, {"model": "orders.orderproduct", "pk": 38, "fields": {"order": 89, "payment": 49, "user": 43, "product": 1, "quantity": 1, "product_price": 800.0, "ordered": true, "created_at": "2021-08-21T09:35:36.673Z", "updated_at": "2021-08-21T09:35:36.729Z", "variation": [2, 10]}}, {"model": "orders.orderproduct", "pk": 39, "fields": {"order": 89, "payment": 49, "user": 43, "product": 1, "quantity": 1, "product_price": 800.0, "ordered": true, "created_at": "2021-08-21T09:35:36.801Z", "updated_at": "2021-08-21T09:35:36.841Z", "variation": [1, 10]}}, {"model": "admin_honeypot.loginattempt", "pk": 1, "fields": {"username": "admin@gmail.com", "ip_address": "127.0.0.1", "session_key": null, "user_agent": "Mozilla/5.0 (Windows NT 10.0; Win64; x64) AppleWebKit/537.36 (KHTML, like Gecko) Chrome/92.0.4515.131 Safari/537.36", "timestamp": "2021-08-22T10:45:24.052Z", "path": "/admin/login/?next=/admin/accounts/account/"}}]
